region,lad_code,lad_name,1997,1998,1999,2000,2001,2002,2003,2004,2005,2006,2007,2008,2009,2010,2011,2012,2013,2014,2015,2016,2017,2018,2019,2020,2021,2022
North East,E06000001,Hartlepool,8302,8327,8816,9133,9573,9913,10152,10501,10957,11461,11789,12140,12678,12920,13266,13724,13903,14338,14745,14984,15273,15962,16100,16514,17238,17992
North East,E06000004,Stockton-on-Tees,9529,9380,9844,10248,10700,10976,11304,11939,12377,12766,13056,13376,13820,13984,14303,14669,14827,15250,15603,15795,16152,16336,17212,17507,17770,18608
North East,E06000002,Middlesbrough,8693,8341,8795,9242,9710,9761,9992,10545,10912,11336,11504,11780,12411,12447,12610,13322,13553,14112,14455,14447,14610,15139,15695,15831,16083,16670
North East,E06000003,Redcar and Cleveland,8937,8600,9099,9591,10088,10135,10408,10787,11166,11619,11777,12041,12812,12926,13202,14040,14266,14838,15219,15350,15623,16112,16459,16738,16781,17686
North East,E06000005,Darlington,9453,9319,9517,10271,11113,11127,11458,11807,12023,12238,12860,12877,13426,13553,13409,13904,14401,14750,15374,15903,16556,16881,17427,18081,18214,19056
North East,E06000047,County Durham,9074,9222,9603,10046,10463,10599,10841,11418,11629,11958,12205,12441,12878,13235,13349,13829,14230,14676,15275,15421,15716,16218,16629,16871,17186,17904
North East,E06000057,Northumberland,10081,10162,10681,11300,11764,11936,12457,12910,13185,13977,14269,15112,16026,15994,16070,16604,17157,17529,18202,18523,18943,19405,19834,19948,20297,21359
North East,E08000021,Newcastle upon Tyne,9463,9745,9900,10526,11029,11277,11630,12159,12073,12486,12864,13047,13401,13669,13666,14158,14371,14738,15432,15431,15569,16034,16785,16686,17383,18136
North East,E08000022,North Tyneside,9748,9909,10077,10408,10790,10951,11287,11904,11913,12261,12539,12635,13356,13676,13821,14575,14858,15238,15981,16134,16529,17070,17746,18469,18338,19171
North East,E08000023,South Tyneside,8383,8499,8597,8994,9403,9599,10037,10664,10848,11302,11763,11987,12581,12899,13081,13768,14131,14566,15259,15386,15696,15828,16061,16461,16792,17654
North East,E08000037,Gateshead,8412,8615,8770,9204,9767,9969,10298,10783,10873,11185,11433,11587,12252,12433,12587,13285,13621,13940,14469,14651,14971,15649,16275,16434,16977,17600
North East,E08000024,Sunderland,8388,8315,8756,9310,9671,9942,10234,10595,10996,11353,11766,11948,12366,12661,12913,13518,13873,14094,14479,14974,15313,15536,15961,16160,16661,17458
North West,E06000063,Cumberland,8920,9258,9631,10067,10724,10791,11289,11789,12110,12587,13139,13360,14031,14324,14425,15168,15655,16077,16692,16913,17241,17624,18022,18381,18556,19333
North West,E06000064,Westmorland and Furness,10790,11216,11411,11667,12485,12773,13374,14007,14504,15076,15699,15964,16568,17135,17118,17792,18500,19042,19884,19860,20241,20685,21480,21290,21668,23103
North West,E08000003,Manchester,7183,7458,8118,8457,8825,9212,9359,9690,10060,10405,10698,10912,11492,11541,11700,12100,12458,12876,13609,13826,14685,15270,15806,16225,16834,17615
North West,E08000006,Salford,10512,10729,11258,11733,11973,12233,12649,13211,13626,13968,14454,14627,14814,14687,14794,15184,15382,15668,16646,16535,16782,16507,17293,17543,18441,19395
North West,E08000009,Trafford,13072,13037,13793,14559,14892,15198,15409,15802,16219,16676,17188,17346,17600,17647,17792,18330,18778,19258,20866,20922,21270,22891,23681,23393,23908,25802
North West,E08000007,Stockport,10704,10741,11448,12112,12343,12682,13120,13338,13797,14354,14961,15188,15736,16058,16264,16758,17368,17976,18945,19405,19774,20627,21316,21297,21815,23192
North West,E08000008,Tameside,8279,8423,9131,9451,9698,9877,10252,10528,10934,11337,11719,11906,12557,12635,12870,13315,13632,14030,14595,14921,15392,15745,16215,16417,16697,17472
North West,E08000001,Bolton,10037,10057,10588,11103,11371,11579,11810,12358,12690,13112,13623,13706,13885,14015,14032,14398,14758,14994,15229,15152,15609,15913,16322,16412,16999,17977
North West,E08000010,Wigan,9541,9607,10165,10591,11017,11183,11534,11883,12138,12595,13029,13096,13521,13575,13720,14295,14678,14909,15060,15090,15710,16161,16681,16926,17131,17798
North West,E08000002,Bury,10488,10590,11113,11755,12134,12352,12509,13093,13450,13914,14468,14627,14832,14945,14983,15353,15995,16483,17295,17294,17554,18135,18589,18805,19164,20278
North West,E08000004,Oldham,8108,8241,8773,9142,9465,9695,9928,10335,10594,11049,11443,11584,11991,12105,12196,12681,13090,13431,13809,13836,13980,14667,15266,15289,15744,16499
North West,E08000005,Rochdale,8387,8454,9054,9395,9771,9964,10172,10595,10865,11277,11723,11832,12338,12413,12577,13168,13587,13972,14438,14506,14731,15005,15720,15983,16239,16872
North West,E06000008,Blackburn with Darwen,8314,8321,8799,8811,9109,9061,9468,9760,10247,10587,10776,10751,11012,11382,11321,11449,11506,11877,12126,12238,12748,13323,13922,14544,15084,15884
North West,E06000009,Blackpool,9469,9592,9771,10459,10621,10752,10621,10837,10987,11249,11785,12062,12647,12887,13350,13369,13659,14006,14528,14897,15361,15646,16182,16354,16697,17413
North West,E07000121,Lancaster,8478,8702,9023,9577,10068,10418,10795,11208,11527,11947,12454,12775,13464,13452,13560,13936,14489,14934,15435,15654,16303,16852,16824,17369,17787,18434
North West,E07000128,Wyre,9704,9835,10246,10749,11175,11472,11828,12235,12692,13141,13667,14024,14756,14968,15186,15463,16118,16506,16913,17234,18054,18533,19768,19646,19820,20813
North West,E07000119,Fylde,12017,12034,12545,13421,13871,14146,14630,15115,15633,16322,16894,17308,17923,18240,18158,18605,19051,19499,20641,20769,21178,21999,22751,22199,22863,24259
North West,E07000123,Preston,8821,8941,9262,9584,10216,10291,10629,10954,11309,11579,11943,12221,12993,12838,12987,13358,13551,13980,14560,14989,15288,15279,15911,16560,16714,17243
North West,E07000124,Ribble Valley,14849,15062,15226,16294,16713,16795,17249,17993,18721,19228,20252,20684,20460,20778,20988,20912,21547,22261,23636,23600,24054,24991,25607,24240,25649,27425
North West,E07000126,South Ribble,9624,9729,10092,10481,11053,11281,11692,12155,12581,13006,13444,13660,14342,14306,14538,14896,15286,15759,16428,16817,17208,17852,18562,19110,19299,20187
North West,E07000117,Burnley,7154,7231,7635,7955,8401,8471,8884,9279,9793,10277,10868,11342,12008,12001,12247,12494,12798,12944,13279,13654,13820,14284,14756,14979,15183,15732
North West,E07000120,Hyndburn,7364,7436,7830,8110,8491,8718,8944,9448,9929,10264,10713,11173,11872,11905,12203,12554,12941,13004,13528,13936,14270,14537,15309,15351,15288,15780
North West,E07000122,Pendle,8666,8759,9037,9537,9846,10062,10480,10966,11542,11936,12641,13138,13391,13555,13612,13743,14018,14192,14863,15007,15175,14988,15446,15486,15918,16896
North West,E07000125,Rossendale,9872,10078,10350,10994,11380,11676,12112,12675,13212,13492,14181,14539,14816,14887,15031,15099,15619,15756,16725,16903,17092,17584,17554,17816,18232,19396
North West,E07000118,Chorley,10201,10277,10651,11186,11676,11956,12323,12750,13250,13675,14211,14542,15125,15121,15407,15783,16044,16568,17648,17459,17905,18182,19052,19415,20069,21244
North West,E07000127,West Lancashire,10103,10110,10645,11334,11786,12004,12440,12951,13462,13866,14451,14827,15365,15426,15821,16220,16561,17044,18152,17982,18326,19188,19923,19932,20453,21486
North West,E06000007,Warrington,10173,10360,10869,11696,12260,12447,12818,13597,13867,14392,15129,15170,15344,15469,15778,16586,16782,17307,18597,18442,18787,19591,20370,20352,21026,22152
North West,E06000049,Cheshire East,11854,12043,12673,13042,13297,14078,14803,15321,15848,16344,16900,17207,17729,17725,17852,18479,19563,20235,21740,21643,22372,23480,24261,24093,24729,25982
North West,E06000050,Cheshire West and Chester,10864,10966,11604,11944,12224,12901,13698,14408,14904,15282,15887,16329,16869,16868,16866,17550,18040,18438,19127,19176,19891,20457,21025,20857,21205,22376
North West,E06000006,Halton,8655,8838,9364,10106,10613,10848,11211,11623,12061,12376,13024,13262,13745,13746,13820,14236,14649,14945,15652,15999,16610,17242,17544,17928,18229,19124
North West,E08000011,Knowsley,7922,7984,8452,9006,9468,9705,10159,10661,11075,11444,12043,12363,12885,13031,13264,13605,13895,14219,14804,15070,15603,15755,16682,17044,17184,17832
North West,E08000013,St. Helens,7871,8000,8461,9035,9530,9774,10114,10661,11157,11603,12263,12523,13045,13223,13320,13724,14055,14367,15006,15379,15846,16326,17296,17351,17371,18157
North West,E08000012,Liverpool,8364,8406,8959,9358,9855,10045,10423,10853,11063,11594,11988,11997,12610,12801,12940,13406,13813,14361,14979,14964,15183,15503,15998,16352,16806,17408
North West,E08000014,Sefton,11192,11431,11746,11615,11461,11876,12266,12686,13245,13477,13925,14237,15097,15271,15347,15914,16526,16573,17219,17419,17775,18119,18442,18746,19130,20208
North West,E08000015,Wirral,10061,10301,10822,11380,11812,12279,12730,13010,13177,13402,14147,14507,15088,15242,15276,15767,16367,16722,17239,17323,17626,18233,18874,18794,19157,20043
Yorkshire and The Humber,E06000010,"Kingston upon Hull, City of",7316,7536,8059,8735,9247,9505,9589,9816,10016,10130,10483,10781,11305,11385,11728,11992,12111,12475,12877,13060,13420,13907,14238,14674,15086,15818
Yorkshire and The Humber,E06000011,East Riding of Yorkshire,10479,10603,11494,11638,11680,12076,12596,13192,13717,14294,14681,14836,15238,15445,15751,16055,16411,16817,17924,18010,18588,19441,19966,20019,20549,21547
Yorkshire and The Humber,E06000012,North East Lincolnshire,8815,9069,9343,9599,9983,10257,10686,11120,11357,11818,12605,12696,12889,13024,13495,13894,14066,14404,14942,15205,15815,16137,16785,17231,17299,18139
Yorkshire and The Humber,E06000013,North Lincolnshire,9363,9638,9909,10160,10625,10892,11369,11713,11878,12188,12793,12764,12848,12837,13316,13749,13936,14227,14770,14975,15551,16285,16784,16979,17355,18195
Yorkshire and The Humber,E06000014,York,10322,10938,11736,11992,12535,12995,13006,12756,13026,13694,14475,14556,15123,15206,15336,16006,16444,17094,17927,18068,18665,19638,20214,20322,20902,21981
Yorkshire and The Humber,E06000065,North Yorkshire,11411,12052,12248,12255,12684,13154,13577,14062,14841,15745,16245,16593,17283,17164,17449,18012,18532,18793,20014,20073,20673,21648,22237,22127,22867,24277
Yorkshire and The Humber,E08000016,Barnsley,8555,8721,9268,9756,10173,10386,10824,11118,11418,11791,12232,12285,12674,12786,13144,13576,13951,14499,14918,15079,15621,16220,17025,17446,17666,18427
Yorkshire and The Humber,E08000017,Doncaster,8779,9022,9513,10028,10392,10585,11005,11334,11657,12001,12533,12604,12831,13065,13384,13797,14302,14870,15453,15541,16046,16536,16694,16909,17535,18280
Yorkshire and The Humber,E08000018,Rotherham,8377,8547,9093,9614,9973,10185,10575,10826,11183,11591,12124,12214,12592,12813,13141,13614,14127,14591,15153,15303,15862,16056,16491,16794,16979,17739
Yorkshire and The Humber,E08000019,Sheffield,9170,9294,9775,10160,10750,11014,11288,11880,11910,12117,12387,12685,13155,13027,13047,13461,13770,14405,15024,15085,15501,16118,16495,16639,17168,17955
Yorkshire and The Humber,E08000032,Bradford,9144,9258,9725,10250,10246,10429,10641,11098,11161,11419,11840,12001,12246,12200,12299,12636,13112,13455,14075,14062,14366,14618,15077,15347,15616,16274
Yorkshire and The Humber,E08000035,Leeds,10003,10153,10614,11298,11664,11908,12222,12445,12670,13107,13775,14021,14297,14417,14732,15012,15424,15766,16450,16573,16983,17693,18327,18469,18972,19965
Yorkshire and The Humber,E08000033,Calderdale,9685,9927,10347,10886,11210,11420,11887,12414,12733,13118,13732,13826,14024,14206,14391,14890,15454,15941,16727,16674,17060,17485,18011,17948,18556,19489
Yorkshire and The Humber,E08000034,Kirklees,9137,9340,9767,10243,10535,10728,11170,11589,11825,12180,12719,12776,13075,13096,13269,13745,14190,14600,15291,15280,15675,16391,17018,17153,17464,18272
Yorkshire and The Humber,E08000036,Wakefield,9128,9353,9753,10270,10617,10944,11434,11930,12269,12663,13314,13331,13604,13770,13716,14100,14542,14917,15621,15733,16348,16726,17037,17506,18057,18860
East Midlands,E06000015,Derby,9121,9191,9626,9602,10102,10467,10761,11247,11192,11899,12211,12122,12793,12381,12366,13003,13376,14018,14486,14558,15142,15651,16189,16344,16631,17294
East Midlands,E07000033,Bolsover,7945,8239,8826,9041,9751,9866,10156,10494,10755,11219,11775,11701,12038,11997,12260,12707,12928,13321,13989,14017,14508,14890,15481,16438,17115,17866
East Midlands,E07000034,Chesterfield,7710,7978,8589,8859,9699,9932,10176,10519,10738,11247,11832,11728,12117,12200,12482,13056,13340,13688,14489,14491,15170,15666,16761,17350,17646,18333
East Midlands,E07000038,North East Derbyshire,9494,9797,10347,10776,11595,12022,12255,12615,13086,13738,14562,14582,14492,14471,14690,15112,15622,16060,17384,16997,17574,18503,18851,19147,19366,20421
East Midlands,E07000032,Amber Valley,8563,8874,9373,9715,10149,10473,11371,11916,12249,12726,13406,13650,13947,13991,14531,15146,15856,16248,17438,17542,17800,18223,18803,19385,19648,20715
East Midlands,E07000035,Derbyshire Dales,12713,12900,13073,14049,14799,15192,15926,16865,17763,18300,19361,19739,19334,19677,19886,20325,21704,22302,24104,23837,24050,25060,25348,24053,24826,26870
East Midlands,E07000036,Erewash,7775,7971,8565,8706,9079,9448,10354,10891,11270,11799,12394,12621,12990,13012,13642,14138,14813,15078,15986,16156,16435,17139,17621,18019,18442,19431
East Midlands,E07000037,High Peak,9240,9510,10000,10409,10909,11270,12158,12800,13218,13696,14424,14767,14929,14975,15680,16154,16998,17422,18678,18775,19128,19111,19507,19949,20386,21573
East Midlands,E07000039,South Derbyshire,10408,10552,11358,11665,12001,12216,13102,13524,13856,14237,14815,14947,15066,14970,15481,16055,16770,17175,18241,18296,18594,19275,20004,20181,20385,21190
East Midlands,E06000018,Nottingham,8225,8443,8895,9195,9427,9592,9732,9699,9856,10092,10540,10763,10806,10780,10813,11158,11804,12247,12758,12984,13099,13382,13929,14280,14854,15434
East Midlands,E07000170,Ashfield,7772,8093,8564,8876,9235,9484,9937,10456,10617,10877,11558,11853,12346,12258,12353,12761,12986,13570,14204,14400,14785,15380,15857,16217,16414,17016
East Midlands,E07000171,Bassetlaw,9214,9537,9932,10452,10838,11222,11540,12281,12558,12813,13773,14091,14360,14261,14347,14653,15119,15670,16738,16705,17111,17695,18385,18595,18797,19662
East Midlands,E07000174,Mansfield,7880,8224,8672,9032,9689,9980,10435,11021,11240,11457,12098,12358,12964,12862,12945,13366,13621,14156,14806,14838,15325,15880,16315,16974,17229,17950
East Midlands,E07000175,Newark and Sherwood,10599,11056,11351,12134,12527,13062,13394,14088,14324,14523,15693,16006,15981,15879,15866,16081,16627,17197,18469,18221,18570,19474,20154,19849,20768,22051
East Midlands,E07000172,Broxtowe,9253,9571,10079,10158,10874,11145,11783,12249,12492,12977,13809,14204,14574,14396,14564,15237,15797,16374,16873,16975,17297,17543,17932,18593,19036,19700
East Midlands,E07000173,Gedling,9848,10079,10538,10727,11387,11697,12272,12794,13104,13660,14537,14973,15291,15163,15236,15938,16465,17027,17507,17435,17892,18051,18858,18952,19557,20690
East Midlands,E07000176,Rushcliffe,13430,13645,14183,14524,15131,15345,15763,16348,16700,17176,18475,18877,18775,18659,18558,19484,20198,20886,21757,21742,22138,22846,23382,23252,24018,25560
East Midlands,E06000016,Leicester,8315,8104,8550,9017,9354,9603,9811,10049,9974,10204,10690,10575,10907,11107,11143,11496,11638,11925,12293,12503,12756,12872,13180,13797,14434,15075
East Midlands,E06000017,Rutland,13789,14092,14156,14628,14841,14866,15471,16174,16549,17013,17713,17888,18183,18445,18885,19801,20115,20595,21931,21506,22066,23527,24893,24105,25487,28090
East Midlands,E07000129,Blaby,9278,9295,9794,9952,10408,10650,11293,11729,12063,12383,13014,13031,13721,13755,14132,14630,14973,15372,15926,16055,16831,17376,18134,18593,18898,19762
East Midlands,E07000130,Charnwood,9888,10060,10422,10815,11279,11706,12373,12880,13218,13531,14223,14255,14491,14505,14733,15136,15466,15809,16499,16413,17125,17362,18626,18262,19149,20143
East Midlands,E07000131,Harborough,15892,16026,16410,17078,17074,17264,17889,18517,19183,19597,20616,20669,20212,20453,20584,20867,21455,22265,23525,23024,23856,23867,24570,23964,24709,26213
East Midlands,E07000132,Hinckley and Bosworth,10229,10384,10810,11231,11735,12028,12620,13092,13517,13897,14672,14759,15214,15296,15570,15983,16437,16908,17641,17491,18271,19022,19115,19555,19891,20823
East Midlands,E07000133,Melton,11124,11369,11640,11995,12335,12784,13326,13913,14382,14842,15590,15721,15989,16021,16322,16802,17293,17861,18852,18897,19784,20647,20829,21123,21749,22755
East Midlands,E07000134,North West Leicestershire,10609,10752,11267,11593,12027,12282,12882,13341,13660,13989,14669,14741,15055,15230,15524,16037,16570,16961,17607,17501,18247,18392,19147,20065,20087,20754
East Midlands,E07000135,Oadby and Wigston,8943,9213,9474,9699,10081,10398,10980,11387,11804,12089,12823,13033,13626,13929,14071,14497,14896,15212,16168,16346,16784,17276,18118,18564,19113,19996
East Midlands,E06000062,West Northamptonshire,10708,10777,11203,11924,12303,12462,12840,13341,13877,14528,15638,15670,15625,15675,16631,17214,17635,18159,19161,19235,19807,20580,20996,20885,21502,22575
East Midlands,E06000061,North Northamptonshire,10080,10208,10582,11095,11473,11622,12152,12650,13221,13840,14779,15030,15092,14982,15289,15878,16404,16896,17834,17821,18167,18387,18915,19296,19615,20629
East Midlands,E07000136,Boston,9593,9794,10283,10674,11214,11568,12083,12514,12999,13148,13741,13883,14024,14016,14472,14884,14930,15392,15828,15758,16012,16111,17194,16867,17417,18332
East Midlands,E07000137,East Lindsey,9149,9358,9559,9794,10089,10238,10784,11247,11714,12024,12793,13172,13567,13998,14389,14858,15339,15872,16560,16607,17045,17731,18430,18536,18845,19807
East Midlands,E07000138,Lincoln,7968,8169,8497,8763,9222,9758,10118,10381,10710,10993,11577,11829,12440,12398,12748,13033,13030,13352,13643,13762,14005,14425,14961,15224,15599,16215
East Midlands,E07000139,North Kesteven,11020,11233,11438,11612,11969,12101,12542,12942,13491,13742,14459,14679,15011,15186,15505,16004,16380,16901,17491,17542,18016,18493,18945,19178,19442,20318
East Midlands,E07000140,South Holland,10339,10502,10904,11331,11701,11868,12278,12580,13054,13228,13918,14067,14296,14470,14740,15263,15576,16094,16552,16574,17027,17231,17415,17754,18582,19391
East Midlands,E07000141,South Kesteven,10581,10793,11234,11665,12115,12363,12989,13608,14228,14478,15448,15881,16011,16350,16625,17056,17414,17932,18630,18615,19185,20638,21297,21318,21553,22864
East Midlands,E07000142,West Lindsey,10483,10708,11060,11438,11760,11874,12326,12885,13363,13601,14364,14728,14997,15319,15700,16021,16538,17058,17614,17649,18370,18456,19178,19714,20483,21580
West Midlands,E06000019,"Herefordshire, County of",9982,10408,10665,11126,11708,12089,12515,13154,13471,14286,14520,15040,15483,15952,16364,16683,17471,17805,18778,18983,19225,19994,20912,21131,21554,22726
West Midlands,E07000234,Bromsgrove,13469,14307,14589,15063,15418,15656,15618,16484,17272,18196,18392,18780,18641,18625,18840,19276,20210,20885,22422,22751,23042,23489,23703,23189,23930,25342
West Midlands,E07000235,Malvern Hills,12237,12851,13186,13540,14066,14525,14612,15286,15952,16854,17063,17483,17725,17808,18010,18303,19264,19804,21128,21570,21890,22806,24006,23661,23619,24945
West Midlands,E07000236,Redditch,9261,9757,10147,10416,10955,11350,11764,12471,12931,13506,13449,13607,14060,13859,14037,14480,15046,15716,16513,16946,17557,18601,18532,19021,19618,20555
West Midlands,E07000237,Worcester,8914,9136,9599,9769,10320,10766,11153,11741,12104,12783,12717,12929,13518,13279,13603,13989,14304,14787,15537,15833,16232,16691,17333,17654,18177,18889
West Midlands,E07000238,Wychavon,12545,13195,13303,13721,14236,14521,14780,15570,16283,17149,17375,17817,17933,17920,18161,18490,19295,19987,21080,21367,21541,22919,23206,23218,23155,24466
West Midlands,E07000239,Wyre Forest,9004,9470,9733,9916,10451,10853,11256,11857,12371,13063,13184,13563,14108,14092,14374,14859,15474,15933,16740,17156,17474,18118,18798,19186,19947,21072
West Midlands,E07000218,North Warwickshire,8790,9043,9441,9888,10414,10777,11328,11816,12058,12584,13077,13627,14201,14150,14417,14970,15574,16265,17415,18175,18370,18215,18759,18949,19572,20460
West Midlands,E07000219,Nuneaton and Bedworth,7989,8059,8572,9002,9526,9787,10343,10789,10928,11393,11696,12089,12760,12739,13118,13637,14019,14604,15378,15885,16066,16360,16881,17246,17723,18577
West Midlands,E07000220,Rugby,11087,11379,11879,12610,13125,13457,13996,14529,14570,15031,15413,15828,16029,15898,15999,16517,16991,17668,18590,19226,19347,19322,19904,19825,20462,21409
West Midlands,E07000221,Stratford-on-Avon,15149,15690,16268,17222,17755,18072,18544,19179,19618,20120,20829,21553,21483,21747,21946,22668,23576,24499,26651,27763,27421,27249,27737,26324,27537,29741
West Midlands,E07000222,Warwick,12784,13225,13722,14537,14935,15188,15485,15813,15955,16545,17184,17833,18016,18196,18566,19009,19814,20752,22428,23336,23395,24658,24663,24532,24473,25770
West Midlands,E06000020,Telford and Wrekin,9958,10079,10316,10145,10101,10531,11126,11667,11612,12165,12667,12845,13164,13421,13886,14346,14659,15093,15779,16035,16027,16423,16904,17214,17811,18679
West Midlands,E06000051,Shropshire,10539,11076,11227,11522,11802,12136,12632,13179,13389,14166,14540,15337,15817,15841,16068,16326,16746,17267,18348,18580,19047,19789,20281,20193,20429,21441
West Midlands,E06000021,Stoke-on-Trent,8146,8220,8801,9092,9216,9365,9695,10025,10539,10693,11240,11410,11698,11838,12140,12456,12895,13146,13647,13785,14003,14648,15036,15182,15343,15900
West Midlands,E07000192,Cannock Chase,8699,8982,9410,9644,10275,10429,10783,10895,11197,11747,12000,12381,12953,12960,13136,13667,14175,14736,15394,15684,16112,16616,16950,17653,17411,18225
West Midlands,E07000193,East Staffordshire,10285,10488,11014,11331,11897,12134,12436,12631,12925,13493,13859,14238,14575,14584,14663,15021,15593,16073,16841,16809,17213,18409,18582,18335,18487,19203
West Midlands,E07000194,Lichfield,12493,13012,13407,14135,14810,15241,15574,15731,16226,16833,17484,18033,17767,18121,18035,18347,19201,19864,21099,21077,21547,22956,22837,22573,23156,24765
West Midlands,E07000195,Newcastle-under-Lyme,8852,9127,9423,9788,10311,10560,10981,11173,11612,12191,12646,13192,13496,13535,13654,14202,14745,15230,16077,15971,16345,16786,17437,17754,19094,19836
West Midlands,E07000196,South Staffordshire,10973,11512,11793,12352,12883,13325,13612,13809,14324,15013,15652,16204,16208,16433,16462,16878,17427,18031,19267,19294,19755,19966,21113,20987,22053,23710
West Midlands,E07000197,Stafford,10612,11007,11493,12126,12810,13094,13518,13679,14055,14660,15111,15565,15639,15746,15868,16242,17003,17676,18769,18743,19175,19733,20635,20419,20854,22155
West Midlands,E07000198,Staffordshire Moorlands,9906,10389,10739,11096,11682,11867,12242,12614,13010,13605,14090,14614,14778,15025,15135,15553,16266,16809,17914,17964,18420,18869,19068,19667,19714,20962
West Midlands,E07000199,Tamworth,8156,8313,8802,9056,9662,9793,10280,10416,10660,11195,11396,11793,12450,12384,12601,13118,13603,14197,14720,15065,15540,16244,17023,17186,17585,18159
West Midlands,E08000025,Birmingham,8719,8926,9280,9831,10190,10350,10544,10865,10870,11255,11502,11742,12036,12272,12353,12660,12928,13506,14038,14232,14396,14745,15250,15510,16060,16950
West Midlands,E08000029,Solihull,11869,12169,12683,13468,14619,14990,15242,15634,15950,16148,16628,16853,17081,17192,17533,18026,19159,19836,21088,21322,21716,22468,22968,22421,22961,24228
West Midlands,E08000026,Coventry,8911,8921,9333,10058,10483,10778,10848,11398,11266,11480,12074,12350,12760,12945,13068,13472,13867,14334,14734,15137,15474,15905,16321,16526,17130,17772
West Midlands,E08000027,Dudley,9450,9670,10050,10449,10669,10779,11003,11479,11573,11932,12149,12279,12811,13110,13262,13741,14210,14673,15298,15500,15492,15882,16296,16523,16772,17644
West Midlands,E08000028,Sandwell,8087,8261,8615,9021,9259,9448,9670,10010,10088,10317,10501,10683,11091,11254,11409,11692,11876,12387,12834,13153,13273,13572,13967,14241,14547,15305
West Midlands,E08000030,Walsall,8708,9005,9317,9620,9827,10086,10224,10497,10496,10725,10994,11262,11669,11813,11984,12365,12825,13414,13892,14236,14654,15137,15317,15563,16049,16853
West Midlands,E08000031,Wolverhampton,8813,9056,9474,9799,10123,10302,10478,10787,10843,11061,11403,11716,12083,12166,12234,12500,12813,13278,13790,14188,14383,14798,15268,15620,16148,16987
East,E06000031,Peterborough,9755,10005,10780,11370,11707,11897,11946,12089,12380,13064,13667,13843,13871,14089,14176,14505,14830,15382,15922,16059,16297,16639,17219,17377,17741,18604
East,E07000008,Cambridge,11706,11972,12723,13351,13700,14380,14450,15141,15612,16470,17346,17686,18147,17963,17847,18429,18981,19867,20629,21039,21223,21499,22844,22131,22733,23855
East,E07000009,East Cambridgeshire,11752,11822,12565,12978,13175,13637,13322,14391,15296,15788,16165,16445,16551,16734,16700,17244,18042,18934,19932,20454,20946,22018,22496,22488,23793,25083
East,E07000010,Fenland,9026,9210,9693,9977,10274,10761,11003,11426,12214,12618,12754,13077,13713,13792,14027,14522,14987,15598,16023,16493,16768,16946,17690,18204,18187,19121
East,E07000011,Huntingdonshire,9633,9948,10635,10961,11248,11673,11944,12435,13457,14068,14559,14893,15433,15584,15631,16309,16964,17764,18504,19145,19725,20637,21485,21390,21307,22317
East,E07000012,South Cambridgeshire,14059,14643,15405,16217,16285,16779,16651,17468,18634,19301,20004,20397,20189,20353,20318,20934,22041,23029,24388,24714,25217,26315,26567,26002,27317,29050
East,E07000200,Babergh,11062,11010,11358,12218,12670,13044,13247,13785,14395,14779,15390,16285,16867,17159,17177,17837,18453,19007,20100,20300,20792,21679,22039,21742,23388,24841
East,E07000202,Ipswich,8581,8545,8999,9584,10198,10547,10912,11200,11426,11747,12041,12563,13209,13145,13157,13656,13947,14340,14874,15137,15471,15622,16425,17028,17516,18240
East,E07000203,Mid Suffolk,11177,11217,11364,12339,12657,13016,13292,13808,14273,14526,14945,15770,16175,16224,16179,16788,17407,17881,19051,19295,19797,20676,21150,20698,21722,22826
East,E07000244,East Suffolk,10319,10484,10767,11600,12076,12365,12720,13233,13745,14098,14663,15573,16120,16410,16558,17138,17755,18294,19463,19508,19862,20718,20458,20429,21246,22763
East,E07000245,West Suffolk,9358,9409,9829,10644,11608,11926,12144,12648,13082,13447,13969,14764,15103,15101,14995,15729,16315,16688,17648,17877,18036,18841,19954,19501,20035,21196
East,E07000144,Broadland,11825,11795,11956,12582,13181,13367,13541,13928,14416,14527,15380,16052,16150,16745,17158,17706,18287,18742,20088,19707,19970,20400,20798,20612,20947,22208
East,E07000145,Great Yarmouth,8677,8736,8971,9246,9730,9788,10039,10327,10568,10619,11122,11654,12233,12553,12928,13554,13832,14119,14896,14600,14860,15675,16079,16846,17823,18815
East,E07000148,Norwich,9024,9264,9667,10100,10662,10884,11231,11465,11771,11804,12417,12953,13385,13653,13956,14382,14505,14764,15491,15065,15241,15525,16614,16394,17140,17993
East,E07000146,King's Lynn and West Norfolk,9225,9387,9760,10218,10871,10974,11209,11502,11962,11993,12641,13273,13730,14180,14558,15089,15490,15804,16340,16438,17067,17669,18458,18815,19355,20369
East,E07000147,North Norfolk,9450,9569,9853,10385,11113,11468,11776,12016,12518,12723,13391,14111,14785,15576,15826,16347,16925,17285,18202,18404,19096,20178,21158,20123,20616,21953
East,E07000143,Breckland,9051,9227,9380,9800,10348,10472,10770,11088,11445,11571,12147,12697,13098,13552,13878,14544,14732,15095,15832,16344,16880,17569,18123,18494,18943,19999
East,E07000149,South Norfolk,11228,11394,11645,12242,12914,12979,13201,13579,14099,14309,15119,15651,15649,15949,16188,16782,17019,17463,18508,19022,19440,19858,20665,20507,21518,22787
East,E06000032,Luton,9163,8751,9266,9762,10382,10738,11076,11383,11556,11722,12065,12224,12474,12686,12811,13143,13368,13740,14262,14923,15697,15920,16362,16702,17100,17944
East,E07000095,Broxbourne,11013,11360,11473,12091,12736,13059,13362,13670,14019,14637,15269,15592,16493,16443,16593,17305,18160,18717,19889,20205,20985,21479,22126,21549,22626,24071
East,E07000096,Dacorum,12422,12831,13146,14192,14916,15216,15609,16100,16698,17542,18618,19080,19525,19419,19398,20152,21242,22133,23600,23527,24393,25383,25150,25014,26379,27834
East,E07000098,Hertsmere,15032,15623,15891,16988,17717,17893,18480,19196,19918,20768,21998,22483,22408,22540,22459,23340,24722,25943,27823,27645,28223,29431,29573,29033,31100,33768
East,E07000099,North Hertfordshire,12549,13035,13345,14385,15099,15238,15587,15889,16438,17240,18147,18522,19037,18986,19018,19900,20934,21702,23174,23248,23869,24595,24869,24809,25418,26787
East,E07000102,Three Rivers,15327,16109,15948,17141,18165,18055,18525,19116,19837,20807,22105,22640,22657,23011,23014,23858,25332,26199,28060,27768,28457,28601,29696,28498,29951,32449
East,E07000103,Watford,11458,11777,12249,13086,13984,14495,14688,15004,15367,16194,16982,17073,17783,17393,17270,17815,18400,18858,19855,20263,20967,21388,21900,21826,22378,23518
East,E07000240,St Albans,15875,16492,16815,18144,19091,19187,19583,19992,20677,21546,22783,23187,23674,23755,23627,24765,25973,27134,28846,29035,30013,31762,32697,31167,32921,35264
East,E07000241,Welwyn Hatfield,12064,12493,12706,13615,14451,14796,15043,15344,15493,16023,16782,17212,17772,17577,17665,18559,19570,20475,21556,21565,21970,22136,23096,22253,23852,25371
East,E07000242,East Hertfordshire,13543,13921,14341,15369,16103,16285,16655,17107,17712,18526,19522,19931,20453,20399,20529,21390,22632,23503,24999,25081,25813,27154,27745,27007,27992,29761
East,E07000243,Stevenage,8886,9215,9527,10015,10748,11216,11327,11709,12083,12710,13315,13486,14478,14220,14318,15016,15689,16274,16965,17261,17876,18349,19062,19325,19687,20606
East,E06000055,Bedford,11216,11177,11657,12083,12197,12701,12935,13391,13985,14510,15063,15628,16073,16418,16597,16823,17188,17704,18746,19204,19806,20476,20953,20822,21279,22414
East,E06000056,Central Bedfordshire,11853,11861,12437,13027,13279,13834,14053,14417,14996,15444,15916,16387,16765,17214,17229,17828,18700,19034,19991,20450,21016,21670,22210,22034,22464,23579
East,E06000033,Southend-on-Sea,10499,10731,11371,11968,12706,13142,13529,13612,13903,14295,14778,15050,15547,15825,15927,16369,17024,17541,18468,18888,19550,20257,20916,20973,21795,22919
East,E06000034,Thurrock,9968,10016,10302,10441,10905,11414,11839,12196,12551,12959,13518,14012,14376,14589,14645,15034,15459,16077,16809,17563,18056,18837,19493,19635,20281,21329
East,E07000067,Braintree,10826,10953,11664,12098,12646,13045,13215,13693,14171,14475,15006,15557,15977,15923,16067,16576,17236,17775,18774,19164,19648,20686,21389,21266,22024,23345
East,E07000071,Colchester,10085,10409,11157,11698,12385,12888,13184,13748,14101,14433,14933,15407,15942,15733,15921,16426,17005,17251,18024,18380,18930,19480,20100,19994,20630,21583
East,E07000076,Tendring,8963,9006,9631,9957,10488,10853,11150,11592,12080,12472,12991,13683,14483,14759,15157,15685,16242,16593,17369,17673,18249,18821,19168,19432,20102,21099
East,E07000072,Epping Forest,14916,15243,15797,16627,17113,17336,17626,18329,19291,19780,20703,21594,21427,21511,21821,22484,23157,23643,26447,26573,27844,29464,29842,28880,31005,33619
East,E07000073,Harlow,8430,8392,8995,9144,9732,10090,10377,10840,11190,11510,11740,12198,13029,12841,13153,13622,13710,13994,14883,15443,16140,16710,17851,18378,18500,19127
East,E07000077,Uttlesford,15269,15403,16172,17044,17600,17776,17864,18590,19362,19610,20159,20765,20672,20240,20449,21265,21732,22065,24364,24565,25658,27427,28037,27146,27569,29456
East,E07000068,Brentwood,16437,16532,17466,18430,19080,19415,19772,20357,21053,21502,22361,23114,23040,22866,22862,23587,24302,24939,26476,27535,28429,29990,30127,29446,30496,32465
East,E07000070,Chelmsford,12187,12263,13087,13533,14205,14416,14669,14972,15362,15817,16357,16955,17582,17396,17544,18152,18666,19351,20404,21217,21836,22812,24057,23807,24420,25662
East,E07000074,Maldon,12676,12474,12970,13268,13662,13955,14179,14612,15111,15514,15961,16639,17178,17281,17589,18095,18662,19323,20420,21171,21945,22236,22278,22619,23834,25116
East,E07000066,Basildon,11013,11168,11849,12223,12899,13271,13601,14075,14476,14836,15308,15804,16397,16281,16371,16870,17017,17239,18013,18571,19093,19951,20669,20670,21240,22236
East,E07000069,Castle Point,10422,10520,11210,11586,12236,12643,12955,13390,13876,14281,14836,15469,16141,16256,16526,17028,17483,17900,18877,19371,20102,21294,21651,21413,22099,23389
East,E07000075,Rochford,12458,12374,12901,13374,14015,14307,14625,15054,15543,15840,16422,16936,17288,17328,17535,17971,18628,18938,20107,20643,21358,22264,22730,22471,22805,24217
London,E09000001,City of London,90758,100295,93256,98364,97181,98484,104247,112238,125612,135277,143974,158251,156343,151666,146248,155706,174681,183313,199194,204365,210816,226481,203368,187748,172061,138081
London,E09000007,Camden,16086,17870,19039,20945,20924,20940,21462,23197,25602,28182,31328,34054,33971,33009,31465,34451,38102,39740,43744,45202,47437,52588,55379,53201,57288,58440
London,E09000033,Westminster,21092,21974,23931,25842,26286,25974,26692,28619,30786,33651,37795,40640,41125,40919,39773,43534,48581,52879,57918,60477,62227,65323,66321,62866,65842,69058
London,E09000013,Hammersmith and Fulham,20681,20828,21944,23563,23636,23105,24095,25767,27805,29815,32571,33897,33663,32846,31460,33003,36265,38253,39314,38819,39468,40820,41399,41250,43208,44541
London,E09000020,Kensington and Chelsea,34746,34521,35692,37983,37205,36587,37478,40247,43096,47994,54557,59114,58673,56987,56153,61729,68983,73994,77930,78866,81713,87709,88746,86350,91374,96578
London,E09000032,Wandsworth,13693,15228,16904,18926,19536,19432,19961,21548,23844,25922,28889,30024,30062,28929,27592,29315,31933,33823,35663,36296,36584,38728,39647,38529,41191,43701
London,E09000012,Hackney,7379,8073,8910,9980,10598,10953,11407,12313,13343,14527,15805,16286,16697,17266,17510,18549,20115,21180,23114,24016,24598,25961,27216,27680,29477,31388
London,E09000025,Newham,5694,6213,6974,7914,8511,8836,9603,10513,11698,12749,13476,13634,13786,13769,13675,14512,15249,15792,17154,18092,18898,19978,20619,21192,21553,22357
London,E09000030,Tower Hamlets,13397,13594,14343,15293,15779,15849,16449,17279,18235,19226,20295,20588,20638,20900,20751,21892,22515,23263,25079,26221,26598,27823,28684,28403,28787,29182
London,E09000014,Haringey,13985,14245,15163,16074,16476,16685,17132,18095,19097,20145,21435,21524,21484,22124,22289,23661,23983,24933,26529,26166,27426,28600,29584,29366,31628,33461
London,E09000019,Islington,16545,16675,18176,19364,19819,20233,20693,21763,22833,24435,26119,26742,26448,26961,26619,28329,28813,30098,32007,31864,32286,34365,35888,35110,37234,38628
London,E09000023,Lewisham,8622,8917,9675,10450,10910,11206,11876,12672,13579,14563,15507,15741,15987,16551,16680,17673,18351,19322,20603,21165,22028,22924,23854,24226,25744,27282
London,E09000028,Southwark,11167,11601,12447,13421,13749,14031,14740,15607,16590,17563,18749,19140,19157,19822,19953,21066,22131,23485,25022,25579,26408,28065,28626,28871,30611,31897
London,E09000022,Lambeth,11080,11363,12337,13365,13682,13961,14512,15362,16321,17406,18635,19014,19097,19745,19797,20890,21871,22852,25685,26888,26983,28904,29810,29494,31034,32669
London,E09000004,Bexley,11320,11392,11841,12343,13179,13409,13936,14431,14821,15198,16063,16469,16610,16896,16926,17860,18352,18912,20092,20691,20905,21748,22243,22159,22871,24374
London,E09000011,Greenwich,13495,13527,14163,14803,15400,15473,15939,16419,16799,17107,18007,18345,18260,18403,18200,18832,19674,20317,21244,21659,22016,22923,23714,23835,24568,26020
London,E09000002,Barking and Dagenham,8581,8815,9231,9636,10302,10666,11304,11884,12273,12624,13293,13587,13677,13685,13707,14389,14491,14822,15350,15774,16127,16979,17459,17871,18338,19246
London,E09000016,Havering,10915,11325,11764,12597,13425,13665,14211,14707,15148,15534,16602,17131,17043,17512,17588,18499,19208,19411,20678,21212,21629,22627,22919,22796,23468,24913
London,E09000026,Redbridge,11246,11460,11927,12703,13450,13721,14149,14747,15251,15570,16447,16837,16698,17061,16948,17950,18415,18808,20447,20827,21525,22926,23073,22913,23718,25089
London,E09000031,Waltham Forest,10272,10453,11099,11723,12645,12976,13599,14117,14621,15000,15779,15986,16049,16237,16275,17280,17948,18751,20023,20682,21471,22684,23343,23330,24333,25878
London,E09000010,Enfield,10614,10982,11364,12206,12978,13078,13637,14330,14881,15349,16443,16938,16876,17083,17037,18082,18571,19267,20692,21260,21462,22345,23048,23115,24137,25516
London,E09000006,Bromley,13334,13895,14592,15525,16106,16313,17239,18291,19086,19593,20671,20910,20574,21012,21313,22455,23199,24234,25848,26087,26232,27702,28113,27552,28974,30888
London,E09000008,Croydon,9903,10256,11032,11878,12522,12906,13682,14511,15234,15725,16683,16992,16846,17173,17340,18262,18850,19267,20666,21044,21429,22716,23200,23025,23856,25169
London,E09000021,Kingston upon Thames,14313,14492,15219,16162,16546,16703,17453,18263,18916,19351,20591,20912,20621,21039,21098,22352,23491,24112,25596,26140,26218,28381,28433,28102,29434,31129
London,E09000024,Merton,15414,15784,16529,17459,17811,18118,19050,20279,21093,21577,22775,23196,22629,23281,23509,24462,25563,26188,27718,28046,28205,29614,30744,30033,31510,33360
London,E09000029,Sutton,11766,12098,12742,13647,14102,14329,15021,15848,16614,17100,18030,18322,18027,18445,18618,19629,20273,20594,21970,22249,22284,23488,23815,23256,23889,25097
London,E09000003,Barnet,12332,12980,13669,14728,15275,15697,16484,17109,18123,18897,20083,20692,20356,20760,20804,22269,23213,24440,27101,27904,28446,29921,30396,29479,31335,33730
London,E09000005,Brent,10726,11151,11988,12725,13306,13838,14579,15159,16100,16543,17479,17900,18033,18295,18334,19439,20292,21044,22470,22729,23086,24329,24538,24188,25512,27434
London,E09000009,Ealing,12661,12965,13669,14371,14976,15332,16111,16638,17308,17793,18792,19272,19242,19702,19762,20868,22025,23039,24582,24626,24595,25216,25510,25310,26259,27679
London,E09000015,Harrow,12541,13228,13946,14841,15531,15952,16699,17166,17867,18248,19486,20004,19448,19959,20012,21181,22273,22812,24431,24934,25414,26606,26349,25704,26833,28501
London,E09000017,Hillingdon,9886,10331,11133,11803,12551,12954,13697,14324,15034,15442,16271,16694,16720,16943,16869,17737,18534,19050,20337,20775,20992,21660,22177,21947,22637,23695
London,E09000018,Hounslow,13972,14184,14850,15533,16107,16405,17255,17705,18234,18590,19159,19472,19303,19314,19088,20157,20912,21425,22908,22423,22594,23670,24228,23832,24987,26491
London,E09000027,Richmond upon Thames,20810,21159,21993,23395,23819,23882,24489,25125,26116,27146,29123,30098,29832,30315,30287,32348,34118,35330,38224,37456,37834,40803,41447,39379,42727,45752
South East,E06000036,Bracknell Forest,11643,11874,12144,12944,13281,13601,13917,14284,14861,15621,16651,17031,17416,17297,17581,18287,19078,19368,20304,20958,21528,21944,22924,23239,23967,24923
South East,E06000037,West Berkshire,13953,14193,14577,15491,15678,15952,16206,16663,17359,18169,19484,19810,19804,19755,20178,20795,21714,22187,23648,23943,24574,25102,26394,25831,26710,28281
South East,E06000038,Reading,11734,11813,12286,13213,13435,13861,14157,14578,14905,15502,16500,16889,17109,16915,17282,17790,18277,18469,19142,19492,20159,20428,21951,21774,21837,22779
South East,E06000039,Slough,10476,10607,10819,11415,11736,12141,12617,13032,13347,13703,14287,14450,14491,14192,14363,14847,15456,15578,16145,16532,17106,17615,18384,18421,18684,19590
South East,E06000040,Windsor and Maidenhead,17629,18299,18610,19758,19870,20232,20486,20801,21619,22493,24192,24604,24516,24407,24687,25290,26577,27350,29053,29275,30024,30387,32101,31295,32787,34929
South East,E06000041,Wokingham,15015,15136,15641,16479,16483,16896,17293,17748,18465,19315,20834,21218,21226,21239,21655,22246,23249,23896,25426,25717,26088,27696,27723,27077,27287,28641
South East,E06000042,Milton Keynes,11024,11187,11560,12114,12511,13214,13540,14318,14776,15293,16056,16464,16502,16774,16793,17085,17273,17780,18821,19152,19812,20577,20910,20903,21185,22330
South East,E06000060,Buckinghamshire,14594,14864,15439,16257,16972,17199,17342,18108,18717,20049,20899,21376,21864,21749,21834,22366,23112,23863,25476,26080,26594,27349,28179,27409,28654,30659
South East,E07000177,Cherwell,11641,11820,12321,12948,13355,13652,13847,14508,14867,15865,16294,16564,17209,16991,17294,18027,18634,19380,20584,20643,21185,21930,23017,22550,23549,24927
South East,E07000178,Oxford,11003,11184,11632,12330,12882,13232,13296,13789,13765,14879,15328,15609,16327,15978,16119,16831,17230,17680,18778,18965,19749,20294,21629,21225,21810,22868
South East,E07000179,South Oxfordshire,15373,15452,15898,17143,17300,17705,18012,18856,19484,20673,21501,21890,22150,22111,22233,23099,23987,24671,26783,26567,27306,27878,29483,28750,29281,31132
South East,E07000180,Vale of White Horse,13208,13530,13854,14690,14952,15339,15608,16256,16719,17854,18404,18897,19311,19188,19407,20291,21023,21911,23485,23219,23719,24281,25122,25173,25363,26435
South East,E07000181,West Oxfordshire,14531,14915,15230,16348,16540,16867,16961,17711,18184,19208,19797,20286,20263,20032,20354,20900,21649,22573,24481,24390,25044,26469,26521,25570,26782,28583
South East,E06000043,Brighton and Hove,12052,12138,12636,13371,13960,14362,14616,15249,15973,16283,16840,17384,17939,17834,17980,18362,19094,19733,21154,21612,22414,23199,24056,23732,24808,26461
South East,E07000061,Eastbourne,10632,10855,11381,11898,12436,12679,12932,13104,13452,13903,14868,15283,15792,16383,16243,16657,17476,17778,18660,19117,19304,19499,19762,20258,20804,21980
South East,E07000062,Hastings,8302,8544,8809,8919,9291,9681,9987,10261,10580,11105,11788,12139,12949,13258,13292,13944,14587,14765,15261,15857,16214,17091,17630,18189,18981,20007
South East,E07000063,Lewes,12290,12532,12847,13431,14015,14189,14447,14886,15592,16211,17573,17976,18134,18576,18562,18943,19981,20374,21815,22230,22609,23181,24385,23528,24418,25890
South East,E07000064,Rother,11740,11816,12406,13031,13825,14039,14347,14629,15229,15797,16899,17318,17859,18455,18393,18906,20085,20277,21398,21752,22069,22857,22896,23279,23487,24725
South East,E07000065,Wealden,13622,13784,14418,15142,15740,15930,16130,16527,17276,17947,19374,19931,19955,20636,20231,20695,21836,22051,23450,23863,24262,24664,25388,24939,26179,27916
South East,E07000207,Elmbridge,21396,22137,22767,23581,23991,24164,23950,24880,26091,27736,28912,29445,29900,29844,30193,31633,33227,34019,36480,36329,37315,38860,40902,38737,41244,44307
South East,E07000209,Guildford,15730,16372,16842,17434,17630,18039,18223,18979,20108,21308,22304,22541,22349,22535,22580,23791,25096,25796,27389,27355,28006,29447,30403,29196,30503,32201
South East,E07000212,Runnymede,13326,13751,14535,14727,15057,15526,15765,16454,17373,18560,19103,19307,19686,19571,20009,20687,21766,22548,23840,23842,24626,26250,26573,26436,27357,28789
South East,E07000213,Spelthorne,12121,12615,13308,13628,14136,14533,14729,15217,16018,16959,17376,17468,18180,18066,18398,19159,20028,20578,21769,22341,22980,24118,24693,24807,25115,26351
South East,E07000214,Surrey Heath,14646,15279,15843,16344,16765,17175,17352,17712,18603,19772,20503,20688,20993,21037,21385,22473,23698,24240,25745,25888,26729,27915,28870,27866,28876,30451
South East,E07000216,Waverley,16868,17481,18053,18681,19025,19413,19458,20130,21438,22925,23871,24196,24146,24351,24667,25858,27164,27962,30033,29941,30498,32642,32821,32139,33951,36306
South East,E07000217,Woking,14926,15566,16280,16913,17179,17696,17905,18523,19476,20542,21076,21170,21336,21242,21277,22297,23322,24131,25730,25784,26706,27398,27795,26935,28300,29827
South East,E07000208,Epsom and Ewell,15039,15781,16391,17084,17542,17866,18032,18524,19498,20871,21551,21556,21448,21537,21852,22834,23608,24042,25930,26141,26707,27275,27434,26641,27672,29476
South East,E07000210,Mole Valley,16931,17820,18187,18967,19244,19626,19404,20106,21582,22973,24047,24336,24316,24344,24727,26055,27107,27770,29914,30120,30971,32259,33210,32590,33182,35330
South East,E07000211,Reigate and Banstead,14932,15709,16204,16817,17071,17486,17733,18429,19592,20904,21767,21846,21674,21532,21567,22598,23598,24088,25700,25922,26375,27032,28251,27621,28178,29893
South East,E07000215,Tandridge,15107,15653,16181,16540,16866,17385,17726,18277,19376,20779,21642,21910,21826,22034,22276,23303,24406,25038,26844,26966,27532,29106,30001,28703,29909,31686
South East,E07000223,Adur,8863,9319,9703,10220,10967,11161,11403,11847,12525,13011,13474,13668,14311,14502,14904,15509,16147,16452,17526,18033,18613,19064,19671,19816,20566,21774
South East,E07000224,Arun,11004,11511,11699,12313,13077,13249,13486,13881,14537,15097,15759,16042,16493,16859,17157,17686,18490,18650,19778,20069,20567,21157,21077,21214,21777,23068
South East,E07000225,Chichester,14198,14644,14670,15818,16518,16802,17081,17887,18764,19465,20261,20496,20410,20768,21078,21653,22769,23291,24747,24843,25251,26056,26690,25901,27268,29357
South East,E07000229,Worthing,9865,10367,10678,11288,12011,12299,12543,12929,13499,14103,14566,14743,15323,15486,15747,16363,17108,17522,18597,18962,19614,20701,21046,21075,21661,23051
South East,E07000226,Crawley,10903,10930,11256,11633,12196,12507,12853,13329,13679,14058,14429,14534,15058,14905,15188,15539,16150,16392,16806,17420,17906,19010,19461,18803,18862,19881
South East,E07000227,Horsham,16420,16611,16731,17577,18009,18245,18360,18967,19730,20354,21113,21412,21316,21602,21972,22711,23813,24217,25374,25532,25932,26900,27466,26759,27417,29440
South East,E07000228,Mid Sussex,15584,15591,15827,16799,17416,17501,17744,18344,19003,19504,20140,20206,20222,20291,20508,21128,22059,22384,23470,24056,24583,25208,26330,25337,26348,28210
South East,E06000044,Portsmouth,9276,9310,9837,10586,10635,11047,11180,11250,11207,11464,12067,12446,13106,13042,13142,13316,13902,14371,15331,15757,16235,16782,17371,17795,18443,19388
South East,E06000045,Southampton,9578,9469,9615,10158,10500,10905,11076,11457,11578,12136,12842,13043,13444,13432,13570,13874,14254,14641,15202,15760,16365,16973,17613,17597,17979,18758
South East,E06000046,Isle of Wight,9660,9867,10137,10535,11324,11559,11705,12230,12761,13349,13949,14295,15089,15360,15531,15696,16162,16219,16752,16971,17252,17991,18664,18871,19574,20749
South East,E07000086,Eastleigh,11696,11893,12173,12706,13312,13864,14110,14771,15165,15542,16382,16832,17322,17177,17321,18105,18900,19298,20262,20263,20540,21393,21806,21368,21197,22117
South East,E07000087,Fareham,11201,11394,11916,12472,13029,13480,13696,14309,14828,15386,16214,16671,17293,17339,17614,18381,19222,19598,20528,20508,20911,21579,22734,22115,22637,24075
South East,E07000088,Gosport,8456,8555,9235,9586,10287,10776,11120,11577,11843,12177,12683,13061,13878,13921,14290,15081,15849,16075,16658,16768,17181,17701,18413,18617,19014,20007
South East,E07000090,Havant,10240,10406,10805,11343,12019,12534,12744,13375,13826,14325,15152,15589,16203,16310,16515,17243,18145,18603,19340,19334,19595,20014,20276,20600,20909,22106
South East,E07000085,East Hampshire,14045,14565,15086,15972,16474,16793,17057,17868,18582,19281,20294,20898,21100,21064,21090,21915,22699,23387,24984,25245,25794,26475,27034,25990,27240,28944
South East,E07000091,New Forest,12037,12276,12698,13438,14038,14302,14590,15243,15744,16360,17185,17799,18442,18508,18757,19705,20227,20725,22276,22554,23239,23775,24708,24421,24944,26570
South East,E07000093,Test Valley,12816,12923,13354,14168,14706,15028,15208,15933,16424,17118,18032,18592,19133,19094,19284,20238,20593,20958,22196,22281,22684,23891,24071,23829,24776,26074
South East,E07000094,Winchester,14333,14503,14993,16076,16754,17033,17126,18080,18677,19336,20371,20870,21018,21038,21174,22105,22792,23256,24671,24554,25248,26838,28040,27108,27874,29584
South East,E07000084,Basingstoke and Deane,14209,14431,14706,15412,15908,16192,16378,17129,17450,17946,18988,19399,19571,19416,19474,20227,20969,21282,22684,22570,23299,24071,24396,23854,24275,25531
South East,E07000089,Hart,16065,16251,16628,17579,18032,18235,18219,18880,19190,19650,20715,21252,21647,21718,21981,22974,24014,24491,26442,26259,26676,27583,28449,28035,28311,30226
South East,E07000092,Rushmoor,10287,10021,10467,10966,11340,11801,12118,12643,12860,13166,13708,14017,14815,14859,15094,15738,16345,16637,17439,17605,18340,18959,19690,19843,20110,20955
South East,E06000035,Medway,10673,10457,10900,11410,11904,12232,12421,13057,13422,13834,14520,14828,15359,15368,15555,15916,16190,16507,17343,17830,18200,18788,19404,19616,20256,21277
South East,E07000107,Dartford,11534,11581,12157,12864,13409,13863,14111,14471,14738,15202,16048,16284,16629,16683,16800,17289,17703,18141,19023,19789,20112,20639,20836,20886,21682,22763
South East,E07000109,Gravesham,9941,10027,10419,10919,11397,11838,12061,12562,12889,13355,14054,14407,14974,15081,15339,15748,16275,16663,17469,18232,19022,19396,20526,20659,21124,22535
South East,E07000113,Swale,10260,10358,10835,11332,11766,12071,12254,12800,13226,13681,14253,14550,15047,15135,15308,15796,16381,16814,17551,18110,18581,19257,19859,19768,20441,21612
South East,E07000106,Canterbury,9040,9329,9873,10568,11182,11617,11742,12214,12633,13004,13735,14130,14749,14968,15140,15639,16183,16606,17341,17810,18253,18881,19767,19950,20812,21999
South East,E07000108,Dover,8629,8809,9327,9844,10469,10897,11177,11742,12223,12781,13448,13839,14622,14812,15102,15766,16444,16952,17762,18274,18623,19231,19854,19859,20735,21980
South East,E07000112,Folkestone and Hythe,9871,10126,10589,11233,11822,12277,12504,13043,13493,13964,14708,15149,15811,15995,16190,16768,17566,18009,18971,19415,20102,20368,20869,21234,21715,22951
South East,E07000114,Thanet,8384,8546,9035,9529,10106,10469,10842,11368,11846,12366,12947,13348,14242,14437,14730,15241,15704,16066,16559,17111,17531,18061,18744,19458,20055,21235
South East,E07000105,Ashford,12658,12694,13011,13718,14125,14325,14448,15043,15383,15821,16463,16803,17210,17345,17378,18038,18752,19102,19681,20238,20541,20833,21455,21817,22548,23708
South East,E07000110,Maidstone,12202,12281,12807,13637,14193,14361,14583,15229,15695,16209,16901,17162,17477,17490,17569,18249,19012,19383,19931,20553,20936,21773,22421,22038,22655,23766
South East,E07000111,Sevenoaks,17157,17134,17420,18792,19380,19548,19754,20749,21336,22141,23393,24124,24149,24265,24484,25256,26498,27706,29571,29599,30130,30553,30940,29983,31763,33984
South East,E07000115,Tonbridge and Malling,14004,13825,14206,14978,15354,15561,15680,16341,16699,17227,17803,18043,18413,18427,18583,19300,20223,20825,22020,22266,22642,23564,24276,24008,25080,26584
South East,E07000116,Tunbridge Wells,15153,15056,15498,16367,16815,16962,17111,17965,18542,19209,19895,20043,20259,20249,20297,21114,22194,23059,25022,25162,25827,27874,28984,27642,29075,30906
South West,E06000023,"Bristol, City of",10276,10381,10833,11413,11946,12092,12340,12811,12970,13596,14210,14604,14576,15024,15334,15580,16104,16764,17606,18064,18708,19358,20300,20176,21089,22465
South West,E06000022,Bath and North East Somerset,12271,12645,13241,13476,13633,13641,14191,14530,15162,16121,16728,17390,17279,17701,17940,18448,19218,19920,21356,21309,21533,22269,23226,22188,23296,24779
South West,E06000024,North Somerset,12090,12387,12979,13165,13344,13417,13876,14274,14812,15599,16104,16792,16888,17154,17549,18087,18856,19441,20761,20788,21007,21678,22551,22462,22797,24330
South West,E06000025,South Gloucestershire,11363,11758,12264,12425,12621,12801,13205,13528,14019,14853,15415,15995,15925,16089,16389,16933,17639,18366,19711,19762,19988,21358,21342,21044,21813,23233
South West,E07000078,Cheltenham,11334,11486,11974,12526,13067,13124,13313,13971,14806,15526,15923,16476,16443,16814,16972,17497,18359,19265,20079,20178,20489,21332,22195,21996,22746,24110
South West,E07000079,Cotswold,16413,16553,17202,18288,18716,18513,18518,19461,20788,21714,22755,23613,23167,24095,23964,24594,26014,27230,28859,28783,28607,29777,30971,29365,30609,33334
South West,E07000080,Forest of Dean,9306,9252,9649,9947,10407,10456,10629,11087,11885,12542,12840,13323,13670,14105,14377,14770,15417,16183,16741,16882,17136,18007,18620,18947,19502,20545
South West,E07000081,Gloucester,9179,9232,9606,9813,10444,10584,10875,11313,11957,12547,12591,12909,13469,13488,13745,14179,14653,15475,15682,15859,15996,16177,16934,17346,17772,18485
South West,E07000082,Stroud,11929,12055,12560,13269,13783,13792,13899,14637,15630,16392,17054,17621,17487,17840,18002,18498,19409,20346,21195,21308,21639,22720,23329,22733,23798,25260
South West,E07000083,Tewkesbury,11508,12047,12467,12946,13481,13398,13493,14210,15170,15939,16538,17065,17075,17309,17479,18036,18837,19715,20548,20543,20539,20798,21030,21267,21589,22620
South West,E06000030,Swindon,10960,11305,11895,12497,13091,13440,13661,13925,14255,14807,15129,15411,15753,15587,15778,16018,16465,17006,17522,17816,18104,18684,19366,19338,19560,20370
South West,E06000054,Wiltshire,11590,11641,12081,12857,13360,13566,14012,14445,14983,15636,16199,16538,16546,16878,17229,17581,18480,19131,19976,20123,20700,21748,22630,22160,22718,24212
South West,E06000066,Somerset,10740,11053,11379,11659,12217,12279,12743,13315,13769,14531,15034,15551,15559,16135,16384,16601,17037,17643,18287,18326,18784,19507,20268,20266,20910,22231
South West,E06000058,"Bournemouth, Christchurch and Poole",11393,11608,12146,12755,13210,13302,13697,14233,14784,15515,16158,16417,16042,16478,16710,17059,17728,18121,19093,19151,19528,20292,21182,21006,21754,23108
South West,E06000059,Dorset,11414,11806,12139,12568,13020,13217,13730,14079,14587,15536,16038,16510,16391,17025,17504,17933,18583,19207,19920,20029,20366,21210,22020,21954,22639,24156
South West,E06000052,Cornwall,9718,9912,10057,10502,11106,11489,11696,12123,12510,13129,13647,14007,14263,14735,15017,15349,15722,16117,16660,17025,17717,18100,18827,19193,20018,21235
South West,E06000053,Isles of Scilly,13265,13505,13155,13583,13868,14120,14616,14003,14201,15641,14914,14854,16845,17590,18397,18489,18517,18713,19443,20339,22205,23009,24314,22858,22453,24821
South West,E06000026,Plymouth,9101,9326,9612,10079,10374,10519,10912,11326,11512,11942,12437,12849,13140,13710,13894,14020,14392,14765,15138,15312,15925,16351,16946,17067,17671,18677
South West,E06000027,Torbay,9831,9900,10307,11001,11056,11188,11574,11998,12645,13181,13437,14117,14366,14732,14951,15254,15793,16348,16642,16861,17220,17648,18080,18496,18981,19990
South West,E07000040,East Devon,11875,12163,12435,12643,13184,13526,13717,14141,14762,15543,16105,16850,17260,17508,17645,18029,18709,19081,19901,19834,20214,21073,21823,21353,22200,23635
South West,E07000041,Exeter,8974,8976,9445,9645,10210,10633,10891,11522,11781,12509,12948,13483,14121,13940,14002,14549,15005,15419,15904,16113,16536,17444,18022,18029,18360,18724
South West,E07000042,Mid Devon,11020,11071,11437,11593,12059,12329,12433,12926,13480,14147,14564,15066,15388,15324,15404,15853,16559,16984,17879,18109,18637,19632,20089,20602,20799,22116
South West,E07000043,North Devon,10169,10319,10753,10925,11463,11667,11911,12326,12807,13474,13914,14489,14974,15126,15139,15748,16415,16901,17765,17911,18349,18492,19418,19487,20305,21259
South West,E07000044,South Hams,12979,13300,13385,13655,14401,14723,14984,15597,16437,17235,17994,18924,18992,19365,19403,19893,20714,21290,22692,22696,23213,23965,24810,24187,24749,26872
South West,E07000045,Teignbridge,10630,10725,11030,11227,11734,12051,12256,12741,13362,14154,14696,15313,15788,15951,16081,16628,17269,17684,18398,18618,18950,19782,20456,20733,21440,22824
South West,E07000046,Torridge,9825,9874,10177,10189,10632,10912,11112,11493,11940,12498,12897,13448,14170,14295,14312,14743,15291,15698,16334,16399,16776,17502,17837,18465,19082,20407
South West,E07000047,West Devon,12299,12357,12676,12720,13262,13403,13653,14227,14979,15801,16330,16847,16873,17040,17091,17624,18410,18792,19976,19926,20268,20792,21006,20519,20798,21775
Wales,W06000001,Isle of Anglesey,9465,9718,9918,10327,10548,10771,11330,12038,12178,12259,12764,13544,13854,14054,14335,14759,15298,15563,16110,16171,16623,17224,17403,17771,18327,19184
Wales,W06000002,Gwynedd,8721,8762,9234,9509,10114,10481,10752,11359,11711,12352,12503,12623,12888,13031,13126,13408,13879,14541,15063,15190,15556,15991,16418,16910,17313,17905
Wales,W06000003,Conwy,10366,10422,10723,11136,11583,11946,12319,12679,13275,13357,13583,14203,14178,14415,14763,15230,15549,15969,16306,16345,16925,17711,18370,18673,18848,19749
Wales,W06000004,Denbighshire,10008,9995,10134,10513,10950,11330,11677,12226,12785,12995,13373,14069,13996,14253,14724,15186,15473,15860,16389,16456,17024,17681,17512,17784,18152,18717
Wales,W06000008,Ceredigion,8346,8420,8401,8414,8831,9187,9755,10102,10599,11420,11559,12262,12465,12785,13064,13210,13495,13990,14585,14830,15365,16223,16775,17178,17458,17838
Wales,W06000009,Pembrokeshire,9508,9565,9874,9934,10374,10921,11392,11801,12316,12979,13111,13655,13771,14128,14336,14939,15264,15719,16107,16230,16627,17213,17611,17905,18389,19125
Wales,W06000010,Carmarthenshire,8876,9019,9308,9350,9828,10191,10658,11049,11737,12386,12647,13261,13380,13606,13969,14554,14789,15213,15513,15575,15864,16404,16824,17203,17501,18179
Wales,W06000016,Rhondda Cynon Taf,7885,7755,8161,8834,9484,9887,10167,10714,11066,11343,11763,12146,12237,12479,12660,13062,13358,13721,14203,14308,14879,15488,15941,16366,16639,17281
Wales,W06000024,Merthyr Tydfil,8492,8271,8678,9437,10082,10425,10777,11472,11910,12093,12528,12777,12613,12765,12783,13193,13562,13905,14317,14299,14832,15321,15334,15788,16028,16621
Wales,W06000018,Caerphilly,9344,9292,9762,10575,10767,10831,11375,11771,11862,11917,12387,12689,12536,12715,12941,13428,13808,14091,14634,14963,15395,15742,16426,16835,17082,17914
Wales,W06000019,Blaenau Gwent,7293,7291,7818,8344,8707,8884,9218,9736,9902,9862,10275,10582,10762,10903,11045,11571,11833,12202,12628,12972,13356,13957,13983,14635,15020,15568
Wales,W06000020,Torfaen,8597,8611,9168,9848,10151,10336,10893,11295,11370,11438,11970,12322,12298,12569,12849,13304,13709,13987,14508,14895,15280,16185,16529,16898,16810,17410
Wales,W06000012,Neath Port Talbot,9294,9407,9650,10405,10783,10681,11100,11541,11807,12166,12776,13224,13221,13405,13427,13903,14474,14882,15317,15284,15885,15879,16665,16933,16937,17612
Wales,W06000013,Bridgend,9917,9916,10177,10900,11143,11102,11465,11907,12070,12358,12724,13107,13094,13169,13235,13715,14167,14535,14858,14913,15528,16454,16654,17097,17482,18193
Wales,W06000011,Swansea,9329,9409,9856,10187,10905,11159,11442,11816,11846,12186,12426,13440,13520,13264,13304,13770,13920,14705,15088,15075,15488,16093,16747,17304,17595,17978
Wales,W06000021,Monmouthshire,11290,11354,12088,13391,13734,14352,14514,14485,14977,15514,16546,17087,16276,16755,17143,17545,17662,18622,19375,19689,20409,21288,22588,22277,22912,24081
Wales,W06000022,Newport,8766,8618,9347,9949,10438,10817,11138,11540,11884,12273,12960,13425,13257,13326,13625,14133,14242,14815,15243,15500,15676,16406,16554,16872,17191,17558
Wales,W06000014,Vale of Glamorgan,10589,10730,11317,11809,12054,12339,12966,13488,13738,14421,14832,15591,15743,16097,16348,16593,17055,17539,18410,18396,19126,20377,21118,21363,21363,22364
Wales,W06000015,Cardiff,9592,9810,10311,10862,11284,11700,12123,12510,12605,13165,13414,13911,13963,14129,14298,14516,14734,15161,15733,15826,16474,17180,17519,17883,18775,19106
Wales,W06000005,Flintshire,9546,9509,9969,10762,11075,11320,11742,12269,12491,12816,13068,13542,13637,13986,14504,14997,15442,16062,16717,16932,17461,18337,18748,19007,18919,19723
Wales,W06000006,Wrexham,9626,9616,10000,10941,11185,11439,11971,12554,12784,13045,13395,13823,13604,13882,14264,14624,15013,15602,16303,16517,17025,16911,17081,17275,17761,18457
Wales,W06000023,Powys,9083,8963,9576,10290,10647,10874,11351,12152,12575,13080,13317,13963,14079,14640,14728,15135,15356,15687,16032,16110,17029,17636,18141,18800,19101,19772
Northern Ireland,N09000003,Belfast,9679,9761,10064,10556,10838,11255,11395,11770,12052,12549,12687,13281,13562,13680,13840,14097,14601,14778,15060,15154,15518,16030,16559,16594,17367,18276
Northern Ireland,N09000002,"Armagh City, Banbridge and Craigavon",8466,8508,8827,9068,9339,9877,10393,11116,11683,12455,12819,12938,12987,13233,13462,13483,14168,14952,15365,15177,15527,15814,16215,16479,17285,18389
Northern Ireland,N09000010,"Newry, Mourne and Down",8292,8362,8667,9063,9231,9727,10331,10966,11712,12423,12576,12663,12762,12904,13282,13381,13886,14281,14388,14761,15283,15767,16241,16563,17088,18073
Northern Ireland,N09000011,Ards and North Down,9351,9362,9692,10236,10507,11087,11485,11990,12521,13121,13530,13897,14059,14233,14559,14854,15537,15777,16172,16639,17275,17640,18351,18388,19025,20166
Northern Ireland,N09000005,Derry City and Strabane,6940,6932,7278,7603,7988,8720,9305,10031,10890,11412,11560,11508,11732,12125,12453,12713,13181,13626,13771,14013,14372,14572,15317,15702,16593,17520
Northern Ireland,N09000009,Mid Ulster,7595,7626,7993,8382,8557,8985,9767,10590,11245,11863,12002,11889,11961,12140,12478,12562,13043,13728,14292,14816,15828,16256,16773,16951,17455,18468
Northern Ireland,N09000004,Causeway Coast and Glens,6960,6916,7258,7655,8149,8892,9387,10003,10873,11442,11477,11357,11782,12169,12673,12863,13378,13901,15016,15571,16203,16466,16984,16973,17748,18911
Northern Ireland,N09000001,Antrim and Newtownabbey,9160,9146,9494,10177,10381,10938,11360,11926,12373,12886,13392,13722,13827,13885,14250,14595,15181,15684,15931,15812,16267,16551,17188,17288,17757,18925
Northern Ireland,N09000007,Lisburn and Castlereagh,9221,9184,9573,10369,10650,11175,11668,12207,12729,13140,13646,13971,14058,14152,14363,14896,15653,16086,17234,17632,18016,18489,18875,18800,19296,20450
Northern Ireland,N09000008,Mid and East Antrim,9098,9128,9428,10042,10078,10653,11145,11745,12240,12896,13320,13633,13791,13904,14182,14538,15153,15859,16469,16609,16928,17394,17624,17297,17743,18813
Northern Ireland,N09000006,Fermanagh and Omagh,7531,7568,7946,8220,8492,8915,9735,10561,11291,11950,12081,12020,12130,12321,12620,12796,13092,13466,14310,14720,15207,15451,16112,16552,17027,18127
Scotland,S12000033,Aberdeen City,10085,10253,10237,10915,11605,12105,12537,13661,14576,15411,16395,17159,17473,17712,18461,19265,20490,21184,21163,20257,20397,20544,21274,20697,20871,21004
Scotland,S12000034,Aberdeenshire,11717,11872,11717,12426,13030,13378,13522,14372,15362,16096,17051,17943,18329,18753,19599,20246,21492,21937,21973,20727,20830,21714,22258,21906,22259,23174
Scotland,S12000017,Highland,9452,9587,9809,10224,10828,11253,11514,11867,12201,13200,13698,15140,15465,15762,15689,16345,17014,17237,17895,18093,18435,18956,19805,19656,20194,21303
Scotland,S12000020,Moray,7750,7909,8214,8478,8912,9168,9317,9624,9809,10945,11892,13989,14058,14291,14143,14877,15403,15794,16412,16564,17056,17765,18681,18562,18856,19844
Scotland,S12000021,North Ayrshire,8059,8117,8249,8813,9453,9988,10314,10856,11228,11690,12342,12649,13035,13565,13644,14018,14650,14980,15433,15542,15812,16497,16932,17080,17386,18353
Scotland,S12000035,Argyll and Bute,7884,8079,8373,9125,9639,10150,10461,10959,11609,12362,12940,13939,14581,15109,15044,15749,15723,15877,16509,16909,17256,18174,19263,19286,19536,20701
Scotland,S12000013,Na h-Eileanan Siar,8489,8732,8716,9040,9648,10203,10478,10786,11367,11157,12257,12787,13225,13674,13773,13983,14353,14784,16079,16310,16799,17796,18782,18721,19003,20233
Scotland,S12000023,Orkney Islands,7702,8340,8912,8591,9190,9444,9612,10704,10861,11996,13288,14171,15087,15779,16444,16844,17237,17569,17635,17778,17976,18425,19065,19168,19893,21132
Scotland,S12000027,Shetland Islands,9182,8973,9273,10424,10321,10384,10867,11648,12092,13070,13525,14821,16307,16481,16406,16983,17722,18437,19176,19568,19534,19741,20622,20659,20907,22025
Scotland,S12000041,Angus,10833,10912,11142,12091,12742,13209,13225,13674,13783,14175,15069,16018,15790,15800,16067,16512,17341,17833,18271,18470,18682,19081,19437,19211,19346,20352
Scotland,S12000042,Dundee City,7976,8174,8582,9025,9663,10120,10330,10799,10843,11334,12011,12890,13017,12821,13101,13486,14111,14453,14711,14855,14999,15392,16404,16547,17066,17653
Scotland,S12000005,Clackmannanshire,9317,9634,10044,10565,11080,11654,12327,13009,13297,13387,14107,14726,15307,15584,15828,16430,17092,17520,17948,18210,18509,18676,19749,19318,19171,19846
Scotland,S12000047,Fife,8896,9214,9539,10029,10434,10919,11215,11796,12077,12171,13143,13767,13969,14174,14345,14743,15388,15738,16363,16645,17067,17327,17841,17963,18338,19314
Scotland,S12000010,East Lothian,11077,11348,11856,12353,12545,12723,13634,14704,15290,15678,16295,16866,16887,17647,17981,18208,19075,19743,20329,20211,20532,21017,22457,22303,22842,23988
Scotland,S12000019,Midlothian,8765,8943,9473,9791,10155,10567,11524,12498,13090,13724,14248,14892,15344,15925,16237,16567,17479,17884,18186,18246,18203,18871,18894,19252,20060,20997
Scotland,S12000036,City of Edinburgh,11753,12138,12724,13435,14137,14626,15110,15765,16318,17217,17719,18079,18118,18214,18750,19569,20007,20441,21257,21575,22175,23060,24418,24006,25272,26565
Scotland,S12000014,Falkirk,8734,8869,9496,9812,10454,10814,11305,11761,12135,12859,13542,14082,13956,13864,14361,14964,15403,15529,15938,16522,17139,17862,18319,18276,18611,19559
Scotland,S12000048,Perth and Kinross,10960,11199,11202,11784,12526,12475,13040,14232,14583,15598,16054,16162,16210,16361,17173,17557,18145,18353,18972,19144,19526,20264,21149,21127,21639,22833
Scotland,S12000030,Stirling,11391,11575,11525,11990,12720,12551,13175,14545,14837,15816,16495,16851,16914,16993,17736,18261,18766,19036,19573,19741,20033,20319,20851,20416,21455,22756
Scotland,S12000040,West Lothian,8421,8690,9338,10202,10805,11333,11862,12152,12306,13042,14216,14197,13964,14268,14495,14909,15513,16094,16548,17034,17554,18076,18513,18624,19010,20355
Scotland,S12000039,West Dunbartonshire,6922,7188,8354,8751,9219,9485,9886,10221,10528,11135,11374,11898,12388,12549,12829,13341,13505,13763,14220,14513,15227,15920,16493,16457,16926,17602
Scotland,S12000045,East Dunbartonshire,11333,11598,12724,13786,14168,14833,15095,15591,16328,17143,17866,18823,18786,19143,19460,19647,20201,20434,21359,21686,22461,23183,23187,22567,23726,25270
Scotland,S12000049,Glasgow City,8882,9032,9497,10121,10568,10963,11423,11805,12002,12623,13342,13583,13785,13714,13795,14221,14466,14991,15426,15841,16073,16284,17043,17287,17872,18571
Scotland,S12000011,East Renfrewshire,14359,14445,14672,15584,16079,16206,16437,17113,17865,18625,19370,20272,20050,20185,20019,20366,21345,21645,22965,22676,22805,23250,22589,22402,23306,24829
Scotland,S12000038,Renfrewshire,9212,9385,9906,10514,11302,11388,11688,11940,12362,12907,13401,14047,14453,14335,14493,14867,15425,15757,16426,16561,16837,17298,18130,18075,18062,18905
Scotland,S12000018,Inverclyde,8383,8534,8948,9555,10245,10328,10634,10984,11421,11924,12441,13158,13465,13556,13795,14242,14732,15084,15846,16010,16305,16800,17620,17347,18321,18982
Scotland,S12000050,North Lanarkshire,8726,8872,9215,9785,10257,10614,10934,11303,11715,11967,12733,13278,13387,13489,13707,14070,14525,15204,15555,16017,16238,16561,16966,17070,17261,18143
Scotland,S12000026,Scottish Borders,9319,9719,9905,10515,10926,11378,12292,12939,13506,14139,14702,15318,15573,15961,16168,16190,16808,17597,17988,18232,18532,18759,19711,19817,20174,21187
Scotland,S12000006,Dumfries and Galloway,9142,9333,9499,9880,10214,10622,11156,11651,11758,12499,13245,13985,14488,14728,14861,15340,15809,16159,16881,17201,17428,17816,18584,18817,19418,20326
Scotland,S12000008,East Ayrshire,8815,8918,9017,9769,10397,10905,11226,11917,12326,12771,13534,13718,13814,14287,14391,14622,15263,15593,16016,16102,16412,16478,17198,17227,17712,18961
Scotland,S12000028,South Ayrshire,9385,9541,9966,10412,11084,11493,12210,12913,13209,13966,14291,14973,15256,15711,16074,16574,17179,17469,17773,17891,18023,18438,18775,18762,19760,20983
Scotland,S12000029,South Lanarkshire,9667,9932,10308,10841,11104,11819,11970,12557,13142,13451,14130,14618,14789,15150,15433,15799,16104,16273,16953,17109,17612,18195,18797,18926,19404,20445
