Code,Name,year,median_house_price,median_gross,median_ratio,lowerq_house_price,lowerq_gross,lowerq_ratio,hp_gap,gr_gap,ratio_gap
K04000001,England and Wales,1997,59950.0,16885,3.55,42500,12016,3.54,17450.0,4869,0.009999999999999787
E92000001,England,1997,59995.0,16958,3.54,43000,12058,3.57,16995.0,4900,-0.029999999999999805
W92000004,Wales,1997,47000.0,15679,3.0,35000,11124,3.15,12000.0,4555,-0.1499999999999999
E12000001,North East,1997,46500.0,15622,2.98,32000,11197,2.86,14500.0,4425,0.1200000000000001
E12000002,North West,1997,48500.0,16107,3.01,34450,11542,2.98,14050.0,4565,0.029999999999999805
E12000003,Yorkshire and The Humber,1997,48500.0,15538,3.12,35000,11275,3.1,13500.0,4263,0.020000000000000018
E12000004,East Midlands,1997,49950.0,15773,3.17,37000,11448,3.23,12950.0,4325,-0.06000000000000005
E12000005,West Midlands,1997,54000.0,15878,3.4,40000,11515,3.47,14000.0,4363,-0.07000000000000028
E12000006,East of England,1997,62000.0,16858,3.68,45000,12251,3.67,17000.0,4607,0.010000000000000231
E12000007,London,1997,83500.0,20871,4.0,59500,15022,3.96,24000.0,5849,0.040000000000000036
E12000008,South East,1997,72500.0,17375,4.17,53000,12491,4.24,19500.0,4884,-0.07000000000000028
E12000009,South West,1997,59950.0,15841,3.78,45000,11296,3.98,14950.0,4545,-0.20000000000000018
K04000001,England and Wales,1998,64500.0,17631,3.66,45000,12533,3.59,19500.0,5098,0.07000000000000028
E92000001,England,1998,65000.0,17709,3.67,45000,12606,3.57,20000.0,5103,0.10000000000000009
W92000004,Wales,1998,49000.0,16118,3.04,35875,11526,3.11,13125.0,4592,-0.06999999999999984
E12000001,North East,1998,47500.0,15778,3.01,32000,11395,2.81,15500.0,4383,0.19999999999999973
E12000002,North West,1998,50000.0,16587,3.01,35000,11876,2.95,15000.0,4711,0.05999999999999961
E12000003,Yorkshire and The Humber,1998,49950.0,16368,3.05,35500,11740,3.02,14450.0,4628,0.029999999999999805
E12000004,East Midlands,1998,53000.0,16279,3.26,38500,11714,3.29,14500.0,4565,-0.03000000000000025
E12000005,West Midlands,1998,56000.0,16718,3.35,41000,12037,3.41,15000.0,4681,-0.06000000000000005
E12000006,East of England,1998,67750.0,17584,3.85,48000,12669,3.79,19750.0,4915,0.06000000000000005
E12000007,London,1998,94950.0,21862,4.34,66995,15653,4.28,27955.0,6209,0.05999999999999961
E12000008,South East,1998,81000.0,18278,4.43,58000,13123,4.42,23000.0,5155,0.009999999999999787
E12000009,South West,1998,65000.0,16425,3.96,48000,11876,4.04,17000.0,4549,-0.08000000000000007
K04000001,England and Wales,1999,70000.0,17974,3.89,48000,12844,3.74,22000.0,5130,0.1499999999999999
E92000001,England,1999,71000.0,17939,3.96,48500,12852,3.77,22500.0,5087,0.18999999999999995
W92000004,Wales,1999,52000.0,16457,3.16,37000,11751,3.15,15000.0,4706,0.010000000000000231
E12000001,North East,1999,50000.0,16282,3.07,33000,11736,2.81,17000.0,4546,0.2599999999999998
E12000002,North West,1999,52500.0,16977,3.09,36000,12200,2.95,16500.0,4777,0.13999999999999968
E12000003,Yorkshire and The Humber,1999,52000.0,16527,3.15,37000,12012,3.08,15000.0,4515,0.06999999999999984
E12000004,East Midlands,1999,56000.0,16392,3.42,40000,11961,3.34,16000.0,4431,0.08000000000000007
E12000005,West Midlands,1999,59950.0,17000,3.53,43500,12332,3.53,16450.0,4668,0.0
E12000006,East of England,1999,73995.0,18000,4.11,52500,13086,4.01,21495.0,4914,0.10000000000000053
E12000007,London,1999,111000.0,22487,4.94,76000,16090,4.72,35000.0,6397,0.22000000000000064
E12000008,South East,1999,89000.0,18737,4.75,63500,13608,4.67,25500.0,5129,0.08000000000000007
E12000009,South West,1999,71000.0,16727,4.24,52500,12062,4.35,18500.0,4665,-0.10999999999999943
K04000001,England and Wales,2000,78500.0,19000,4.13,52000,13700,3.8,26500.0,5300,0.33000000000000007
E92000001,England,2000,79995.0,19107,4.19,53000,13778,3.85,26995.0,5329,0.3400000000000003
W92000004,Wales,2000,56000.0,17157,3.26,39000,12567,3.1,17000.0,4590,0.1599999999999997
E12000001,North East,2000,52000.0,17430,2.98,34000,12663,2.68,18000.0,4767,0.2999999999999998
E12000002,North West,2000,56000.0,17863,3.13,37350,12856,2.91,18650.0,5007,0.21999999999999975
E12000003,Yorkshire and The Humber,2000,55000.0,17503,3.14,38500,12787,3.01,16500.0,4716,0.13000000000000034
E12000004,East Midlands,2000,60000.0,17352,3.46,43000,12749,3.37,17000.0,4603,0.08999999999999986
E12000005,West Midlands,2000,65500.0,17812,3.68,46000,13044,3.53,19500.0,4768,0.15000000000000036
E12000006,East of England,2000,84000.0,19020,4.42,59950,13859,4.33,24050.0,5161,0.08999999999999986
E12000007,London,2000,134000.0,24204,5.54,91000,17362,5.24,43000.0,6842,0.2999999999999998
E12000008,South East,2000,106950.0,19992,5.35,74375,14617,5.09,32575.0,5375,0.2599999999999998
E12000009,South West,2000,82000.0,17847,4.59,59950,12871,4.66,22050.0,4976,-0.07000000000000028
K04000001,England and Wales,2001,87950.0,19898,4.42,57000,14265,4.0,30950.0,5633,0.41999999999999993
E92000001,England,2001,89950.0,19997,4.5,58500,14337,4.08,31450.0,5660,0.41999999999999993
W92000004,Wales,2001,59950.0,18018,3.33,40500,13045,3.1,19450.0,4973,0.22999999999999998
E12000001,North East,2001,53800.0,17844,3.02,34500,12867,2.68,19300.0,4977,0.33999999999999986
E12000002,North West,2001,59950.0,18567,3.23,38500,13389,2.88,21450.0,5178,0.3500000000000001
E12000003,Yorkshire and The Humber,2001,59000.0,18270,3.23,39750,13162,3.02,19250.0,5108,0.20999999999999996
E12000004,East Midlands,2001,68000.0,18291,3.72,47000,13288,3.54,21000.0,5003,0.18000000000000016
E12000005,West Midlands,2001,73500.0,18756,3.92,51000,13618,3.75,22500.0,5138,0.16999999999999993
E12000006,East of England,2001,95500.0,19978,4.78,69000,14439,4.78,26500.0,5539,0.0
E12000007,London,2001,150000.0,25215,5.95,109000,18210,5.99,41000.0,7005,-0.040000000000000036
E12000008,South East,2001,123000.0,20907,5.88,85000,15225,5.58,38000.0,5682,0.2999999999999998
E12000009,South West,2001,93000.0,18465,5.04,69334,13360,5.19,23666.0,5105,-0.15000000000000036
K04000001,England and Wales,2002,104000.0,20562,5.06,65000,14742,4.41,39000.0,5820,0.6499999999999995
E92000001,England,2002,106000.0,20706,5.12,67000,14852,4.51,39000.0,5854,0.6100000000000003
W92000004,Wales,2002,67500.0,18189,3.71,45000,13188,3.41,22500.0,5001,0.2999999999999998
E12000001,North East,2002,59500.0,18076,3.29,36000,13174,2.73,23500.0,4902,0.56
E12000002,North West,2002,67500.0,19234,3.51,41950,13860,3.03,25550.0,5374,0.48
E12000003,Yorkshire and The Humber,2002,66995.0,18863,3.55,42500,13725,3.1,24495.0,5138,0.44999999999999973
E12000004,East Midlands,2002,79995.0,19125,4.18,56000,13818,4.05,23995.0,5307,0.1299999999999999
E12000005,West Midlands,2002,85000.0,19225,4.42,59500,13901,4.28,25500.0,5324,0.13999999999999968
E12000006,East of England,2002,118500.0,20495,5.78,83000,14965,5.55,35500.0,5530,0.23000000000000043
E12000007,London,2002,174000.0,26467,6.57,128000,18689,6.85,46000.0,7778,-0.27999999999999936
E12000008,South East,2002,140000.0,21940,6.38,101000,15789,6.4,39000.0,6151,-0.020000000000000462
E12000009,South West,2002,115000.0,19233,5.98,83000,14045,5.91,32000.0,5188,0.07000000000000028
K04000001,England and Wales,2003,125000.0,21359,5.85,79000,15260,5.18,46000.0,6099,0.6699999999999999
E92000001,England,2003,127500.0,21500,5.93,80000,15364,5.21,47500.0,6136,0.7199999999999998
W92000004,Wales,2003,82500.0,19130,4.31,55000,13751,4.0,27500.0,5379,0.3099999999999996
E12000001,North East,2003,72000.0,18228,3.95,43000,13554,3.17,29000.0,4674,0.7800000000000002
E12000002,North West,2003,80000.0,19916,4.02,49500,14289,3.46,30500.0,5627,0.5599999999999996
E12000003,Yorkshire and The Humber,2003,82500.0,19659,4.2,52500,14328,3.66,30000.0,5331,0.54
E12000004,East Midlands,2003,99950.0,19847,5.04,71950,14412,4.99,28000.0,5435,0.04999999999999982
E12000005,West Midlands,2003,103000.0,19786,5.21,73000,14456,5.05,30000.0,5330,0.16000000000000014
E12000006,East of England,2003,140000.0,21511,6.51,104000,15587,6.67,36000.0,5924,-0.16000000000000014
E12000007,London,2003,195000.0,27455,7.1,150000,19759,7.59,45000.0,7696,-0.4900000000000002
E12000008,South East,2003,165000.0,22843,7.22,123500,16437,7.51,41500.0,6406,-0.29000000000000004
E12000009,South West,2003,139950.0,20000,7.0,104000,14519,7.16,35950.0,5481,-0.16000000000000014
K04000001,England and Wales,2004,145500.0,22284,6.53,98000,15866,6.18,47500.0,6418,0.35000000000000053
E92000001,England,2004,148000.0,22418,6.6,100000,15948,6.27,48000.0,6470,0.33000000000000007
W92000004,Wales,2004,109000.0,20085,5.43,73950,14533,5.09,35050.0,5552,0.33999999999999986
E12000001,North East,2004,92000.0,19247,4.78,59950,14020,4.28,32050.0,5227,0.5
E12000002,North West,2004,100950.0,20717,4.87,66000,14894,4.43,34950.0,5823,0.4400000000000004
E12000003,Yorkshire and The Humber,2004,105000.0,20433,5.14,70000,14865,4.71,35000.0,5568,0.4299999999999997
E12000004,East Midlands,2004,123000.0,20691,5.94,89000,14814,6.01,34000.0,5877,-0.0699999999999994
E12000005,West Midlands,2004,125000.0,20765,6.02,89950,15045,5.98,35050.0,5720,0.03999999999999915
E12000006,East of England,2004,159995.0,22242,7.19,121000,16044,7.54,38995.0,6198,-0.34999999999999964
E12000007,London,2004,217000.0,28750,7.55,165500,20496,8.07,51500.0,8254,-0.5200000000000005
E12000008,South East,2004,181000.0,23748,7.62,138000,16933,8.15,43000.0,6815,-0.5300000000000002
E12000009,South West,2004,159950.0,20694,7.73,122000,15132,8.06,37950.0,5562,-0.33000000000000007
K04000001,England and Wales,2005,156000.0,23151,6.74,110000,16388,6.71,46000.0,6763,0.03000000000000025
E92000001,England,2005,158000.0,23280,6.79,112500,16486,6.82,45500.0,6794,-0.03000000000000025
W92000004,Wales,2005,124000.0,20634,6.01,87000,14777,5.89,37000.0,5857,0.1200000000000001
E12000001,North East,2005,105000.0,20263,5.18,70500,14661,4.81,34500.0,5602,0.3700000000000001
E12000002,North West,2005,116500.0,21777,5.35,79000,15517,5.09,37500.0,6260,0.2599999999999998
E12000003,Yorkshire and The Humber,2005,118316.0,21506,5.5,82000,15508,5.29,36316.0,5998,0.20999999999999996
E12000004,East Midlands,2005,130500.0,21494,6.07,99950,15329,6.52,30550.0,6165,-0.4499999999999993
E12000005,West Midlands,2005,133000.0,21447,6.2,100000,15571,6.42,33000.0,5876,-0.21999999999999975
E12000006,East of England,2005,169000.0,22883,7.39,130000,16489,7.88,39000.0,6394,-0.4900000000000002
E12000007,London,2005,229000.0,29882,7.66,175000,21319,8.21,54000.0,8563,-0.5500000000000007
E12000008,South East,2005,190000.0,24229,7.84,146000,17280,8.45,44000.0,6949,-0.6099999999999994
E12000009,South West,2005,169950.0,21279,7.99,130000,15579,8.34,39950.0,5700,-0.34999999999999964
K04000001,England and Wales,2006,164000.0,23564,6.96,119000,16628,7.16,45000.0,6936,-0.20000000000000018
E92000001,England,2006,165000.0,23729,6.95,119995,16734,7.17,45005.0,6995,-0.21999999999999975
W92000004,Wales,2006,130000.0,20790,6.25,95950,15143,6.34,34050.0,5647,-0.08999999999999986
E12000001,North East,2006,117000.0,20613,5.68,82000,14903,5.5,35000.0,5710,0.17999999999999972
E12000002,North West,2006,125000.0,22000,5.68,89950,15581,5.77,35050.0,6419,-0.08999999999999986
E12000003,Yorkshire and The Humber,2006,125000.0,21674,5.77,91995,15481,5.94,33005.0,6193,-0.17000000000000082
E12000004,East Midlands,2006,135000.0,21946,6.15,105000,15668,6.7,30000.0,6278,-0.5499999999999998
E12000005,West Midlands,2006,140000.0,22000,6.36,108000,15973,6.76,32000.0,6027,-0.39999999999999947
E12000006,East of England,2006,175000.0,23517,7.44,135000,16805,8.03,40000.0,6712,-0.589999999999999
E12000007,London,2006,240000.0,30355,7.91,184000,21817,8.43,56000.0,8538,-0.5199999999999996
E12000008,South East,2006,199000.0,24798,8.02,152000,17494,8.69,47000.0,7304,-0.6699999999999999
E12000009,South West,2006,175000.0,21815,8.02,137000,15982,8.57,38000.0,5833,-0.5500000000000007
K04000001,England and Wales,2007,174000.0,24255,7.17,125000,17211,7.26,49000.0,7044,-0.08999999999999986
E92000001,England,2007,175000.0,24480,7.15,125000,17328,7.21,50000.0,7152,-0.05999999999999961
W92000004,Wales,2007,139000.0,21105,6.59,105000,15557,6.75,34000.0,5548,-0.16000000000000014
E12000001,North East,2007,122000.0,21076,5.79,87950,15441,5.7,34050.0,5635,0.08999999999999986
E12000002,North West,2007,133500.0,22889,5.83,98000,16444,5.96,35500.0,6445,-0.1299999999999999
E12000003,Yorkshire and The Humber,2007,134750.0,22307,6.04,100000,16124,6.2,34750.0,6183,-0.16000000000000014
E12000004,East Midlands,2007,142995.0,22222,6.43,112950,16066,7.03,30045.0,6156,-0.6000000000000005
E12000005,West Midlands,2007,146000.0,22543,6.48,113937,16333,6.98,32063.0,6210,-0.5
E12000006,East of England,2007,186950.0,24061,7.77,145000,17094,8.48,41950.0,6967,-0.7100000000000009
E12000007,London,2007,250000.0,31484,7.94,200000,22608,8.85,50000.0,8876,-0.9099999999999993
E12000008,South East,2007,215000.0,25583,8.4,162500,18222,8.92,52500.0,7361,-0.5199999999999996
E12000009,South West,2007,188000.0,22665,8.29,148000,16548,8.94,40000.0,6117,-0.6500000000000004
K04000001,England and Wales,2008,175000.0,25373,6.9,125000,17951,6.96,50000.0,7422,-0.05999999999999961
E92000001,England,2008,177950.0,25549,6.97,125000,18078,6.91,52950.0,7471,0.05999999999999961
W92000004,Wales,2008,138000.0,21830,6.32,104950,16043,6.54,33050.0,5787,-0.21999999999999975
E12000001,North East,2008,122000.0,21931,5.56,88500,16105,5.5,33500.0,5826,0.05999999999999961
E12000002,North West,2008,132500.0,23740,5.58,99000,17098,5.79,33500.0,6642,-0.20999999999999996
E12000003,Yorkshire and The Humber,2008,134000.0,23357,5.74,100000,16832,5.94,34000.0,6525,-0.20000000000000018
E12000004,East Midlands,2008,142000.0,23271,6.1,110000,16905,6.51,32000.0,6366,-0.41000000000000014
E12000005,West Midlands,2008,145000.0,23849,6.08,113000,17010,6.64,32000.0,6839,-0.5599999999999996
E12000006,East of England,2008,190000.0,24949,7.62,147000,17830,8.24,43000.0,7119,-0.6200000000000001
E12000007,London,2008,265000.0,32813,8.08,212000,23441,9.04,53000.0,9372,-0.9599999999999991
E12000008,South East,2008,220000.0,26778,8.22,166000,19061,8.71,54000.0,7717,-0.4900000000000002
E12000009,South West,2008,190000.0,23648,8.03,148500,17010,8.73,41500.0,6638,-0.7000000000000011
K04000001,England and Wales,2009,165000.0,25998,6.35,118000,18379,6.42,47000.0,7619,-0.07000000000000028
E92000001,England,2009,167350.0,26133,6.4,120000,18511,6.48,47350.0,7622,-0.08000000000000007
W92000004,Wales,2009,130000.0,22800,5.7,95000,16539,5.74,35000.0,6261,-0.040000000000000036
E12000001,North East,2009,118000.0,22684,5.2,83000,16779,4.95,35000.0,5905,0.25
E12000002,North West,2009,125000.0,24020,5.2,90000,17380,5.18,35000.0,6640,0.020000000000000462
E12000003,Yorkshire and The Humber,2009,126500.0,23891,5.29,91000,17325,5.25,35500.0,6566,0.040000000000000036
E12000004,East Midlands,2009,132000.0,24357,5.42,100000,17512,5.71,32000.0,6845,-0.29000000000000004
E12000005,West Midlands,2009,139950.0,23958,5.84,103000,17147,6.01,36950.0,6811,-0.16999999999999993
E12000006,East of England,2009,175000.0,25500,6.86,132500,18251,7.26,42500.0,7249,-0.39999999999999947
E12000007,London,2009,250000.0,33700,7.42,195000,24399,7.99,55000.0,9301,-0.5700000000000003
E12000008,South East,2009,200000.0,27458,7.28,151000,19530,7.73,49000.0,7928,-0.4500000000000002
E12000009,South West,2009,175000.0,24175,7.24,135000,17499,7.71,40000.0,6676,-0.46999999999999975
K04000001,England and Wales,2010,178500.0,26076,6.85,125000,18477,6.77,53500.0,7599,0.08000000000000007
E92000001,England,2010,180000.0,26265,6.85,127500,18577,6.86,52500.0,7688,-0.010000000000000675
W92000004,Wales,2010,135000.0,23178,5.82,97000,16931,5.73,38000.0,6247,0.08999999999999986
E12000001,North East,2010,124950.0,23124,5.4,85000,16941,5.02,39950.0,6183,0.3800000000000008
E12000002,North West,2010,132000.0,24127,5.47,93500,17379,5.38,38500.0,6748,0.08999999999999986
E12000003,Yorkshire and The Humber,2010,135000.0,23856,5.66,97500,17439,5.59,37500.0,6417,0.07000000000000028
E12000004,East Midlands,2010,140000.0,24118,5.8,105000,17588,5.97,35000.0,6530,-0.16999999999999993
E12000005,West Midlands,2010,147425.0,23831,6.19,109000,17095,6.38,38425.0,6736,-0.1899999999999995
E12000006,East of England,2010,189000.0,25379,7.45,142500,18299,7.79,46500.0,7080,-0.33999999999999986
E12000007,London,2010,280000.0,33990,8.24,210500,24417,8.62,69500.0,9573,-0.379999999999999
E12000008,South East,2010,223000.0,27503,8.11,165000,19532,8.45,58000.0,7971,-0.33999999999999986
E12000009,South West,2010,187000.0,24098,7.76,145000,17667,8.21,42000.0,6431,-0.45000000000000107
K04000001,England and Wales,2011,177247.5,26290,6.74,123000,18506,6.65,54247.5,7784,0.08999999999999986
E92000001,England,2011,180000.0,26488,6.8,125000,18603,6.72,55000.0,7885,0.08000000000000007
W92000004,Wales,2011,131000.0,23397,5.6,94950,17098,5.55,36050.0,6299,0.04999999999999982
E12000001,North East,2011,118950.0,23250,5.12,80000,17129,4.67,38950.0,6121,0.4500000000000002
E12000002,North West,2011,127500.0,24167,5.28,89950,17483,5.14,37550.0,6684,0.14000000000000057
E12000003,Yorkshire and The Humber,2011,130000.0,24119,5.39,93000,17444,5.33,37000.0,6675,0.05999999999999961
E12000004,East Midlands,2011,136995.0,24002,5.71,102000,17446,5.85,34995.0,6556,-0.13999999999999968
E12000005,West Midlands,2011,144000.0,24291,5.93,105000,17122,6.13,39000.0,7169,-0.20000000000000018
E12000006,East of England,2011,190000.0,25953,7.32,141000,18507,7.62,49000.0,7446,-0.2999999999999998
E12000007,London,2011,293000.0,34396,8.52,218000,24235,9.0,75000.0,10161,-0.4800000000000004
E12000008,South East,2011,224950.0,27881,8.07,164000,19493,8.41,60950.0,8388,-0.33999999999999986
E12000009,South West,2011,185000.0,24306,7.61,142000,17857,7.95,43000.0,6449,-0.33999999999999986
K04000001,England and Wales,2012,180000.0,26633,6.76,124995,18904,6.61,55005.0,7729,0.14999999999999947
E92000001,England,2012,181500.0,26822,6.77,125000,19011,6.58,56500.0,7811,0.1899999999999995
W92000004,Wales,2012,133000.0,23617,5.63,94612,17231,5.49,38388.0,6386,0.13999999999999968
E12000001,North East,2012,119000.0,23781,5.0,80000,17787,4.5,39000.0,5994,0.5
E12000002,North West,2012,129000.0,24603,5.24,90000,17785,5.06,39000.0,6818,0.1800000000000006
E12000003,Yorkshire and The Humber,2012,130000.0,24288,5.35,92500,17806,5.19,37500.0,6482,0.15999999999999925
E12000004,East Midlands,2012,137400.0,24626,5.58,104000,17852,5.83,33400.0,6774,-0.25
E12000005,West Midlands,2012,145000.0,24573,5.9,106000,17707,5.99,39000.0,6866,-0.08999999999999986
E12000006,East of England,2012,190000.0,26145,7.27,143000,18881,7.57,47000.0,7264,-0.3000000000000007
E12000007,London,2012,297552.0,34883,8.53,220000,24547,8.96,77552.0,10336,-0.4300000000000015
E12000008,South East,2012,225000.0,28175,7.99,165000,20002,8.25,60000.0,8173,-0.2599999999999998
E12000009,South West,2012,186899.0,24581,7.6,142500,18200,7.83,44399.0,6381,-0.23000000000000043
K04000001,England and Wales,2013,183000.0,27169,6.74,125000,19202,6.51,58000.0,7967,0.23000000000000043
E92000001,England,2013,185000.0,27372,6.76,127000,19323,6.57,58000.0,8049,0.1899999999999995
W92000004,Wales,2013,133500.0,24103,5.54,95000,17572,5.41,38500.0,6531,0.1299999999999999
E12000001,North East,2013,121000.0,24113,5.02,82000,17740,4.62,39000.0,6373,0.39999999999999947
E12000002,North West,2013,130000.0,25111,5.18,90000,18134,4.96,40000.0,6977,0.21999999999999975
E12000003,Yorkshire and The Humber,2013,132000.0,24933,5.29,94500,18128,5.21,37500.0,6805,0.08000000000000007
E12000004,East Midlands,2013,140000.0,24918,5.62,106000,18094,5.86,34000.0,6824,-0.2400000000000002
E12000005,West Midlands,2013,148000.0,25328,5.84,110000,18195,6.05,38000.0,7133,-0.20999999999999996
E12000006,East of England,2013,197000.0,26514,7.43,146000,19190,7.61,51000.0,7324,-0.1800000000000006
E12000007,London,2013,315000.0,35173,8.96,230358,24827,9.28,84642.0,10346,-0.3199999999999985
E12000008,South East,2013,234000.0,28315,8.26,170000,20018,8.49,64000.0,8297,-0.23000000000000043
E12000009,South West,2013,189950.0,25242,7.53,145000,18491,7.84,44950.0,6751,-0.3099999999999996
K04000001,England and Wales,2014,190000.0,27321,6.95,130000,19289,6.74,60000.0,8032,0.20999999999999996
E92000001,England,2014,195000.0,27485,7.09,134000,19390,6.91,61000.0,8095,0.17999999999999972
W92000004,Wales,2014,138000.0,24453,5.64,99000,17678,5.6,39000.0,6775,0.040000000000000036
E12000001,North East,2014,125000.0,24904,5.02,85500,18223,4.69,39500.0,6681,0.3299999999999992
E12000002,North West,2014,137000.0,25262,5.42,95961,18207,5.27,41039.0,7055,0.15000000000000036
E12000003,Yorkshire and The Humber,2014,138500.0,24999,5.54,99995,18087,5.53,38505.0,6912,0.009999999999999787
E12000004,East Midlands,2014,148500.0,25000,5.94,113000,18155,6.22,35500.0,6845,-0.27999999999999936
E12000005,West Midlands,2014,155000.0,24963,6.21,115000,17971,6.4,40000.0,6992,-0.1900000000000004
E12000006,East of England,2014,210000.0,26817,7.83,155000,19324,8.02,55000.0,7493,-0.1899999999999995
E12000007,London,2014,353000.0,35034,10.08,250000,24760,10.1,103000.0,10274,-0.019999999999999574
E12000008,South East,2014,245000.0,28607,8.56,179950,20213,8.9,65050.0,8394,-0.33999999999999986
E12000009,South West,2014,199000.0,25585,7.78,151000,18601,8.12,48000.0,6984,-0.33999999999999897
K04000001,England and Wales,2015,204000.0,27680,7.37,136000,19574,6.95,68000.0,8106,0.41999999999999993
E92000001,England,2015,209950.0,27841,7.54,139950,19680,7.11,70000.0,8161,0.4299999999999997
W92000004,Wales,2015,142625.0,24869,5.74,102000,18194,5.61,40625.0,6675,0.1299999999999999
E12000001,North East,2015,130500.0,25347,5.15,88000,18496,4.76,42500.0,6851,0.39000000000000057
E12000002,North West,2015,142500.0,25667,5.55,100000,18489,5.41,42500.0,7178,0.13999999999999968
E12000003,Yorkshire and The Humber,2015,143000.0,25194,5.68,102000,18378,5.55,41000.0,6816,0.1299999999999999
E12000004,East Midlands,2015,157000.0,25003,6.28,119000,18045,6.59,38000.0,6958,-0.3099999999999996
E12000005,West Midlands,2015,161000.0,25682,6.27,120000,18480,6.49,41000.0,7202,-0.22000000000000064
E12000006,East of England,2015,230000.0,27300,8.42,166000,19461,8.53,64000.0,7839,-0.10999999999999943
E12000007,London,2015,390000.0,35303,11.05,283000,24865,11.38,107000.0,10438,-0.33000000000000007
E12000008,South East,2015,265000.0,29031,9.13,192950,20653,9.34,72050.0,8378,-0.20999999999999908
E12000009,South West,2015,212000.0,25950,8.17,159950,19013,8.41,52050.0,6937,-0.2400000000000002
K04000001,England and Wales,2016,215000.0,28325,7.59,141999,20130,7.05,73001.0,8195,0.54
E92000001,England,2016,220000.0,28496,7.72,145000,20252,7.16,75000.0,8244,0.5599999999999996
W92000004,Wales,2016,148000.0,25440,5.82,105500,18544,5.69,42500.0,6896,0.1299999999999999
E12000001,North East,2016,133500.0,25561,5.22,89000,18866,4.72,44500.0,6695,0.5
E12000002,North West,2016,148000.0,26220,5.64,104000,19003,5.47,44000.0,7217,0.16999999999999993
E12000003,Yorkshire and The Humber,2016,149950.0,25946,5.78,105995,18834,5.63,43955.0,7112,0.15000000000000036
E12000004,East Midlands,2016,165250.0,25474,6.49,125000,18690,6.69,40250.0,6784,-0.20000000000000018
E12000005,West Midlands,2016,168000.0,26352,6.38,125000,19126,6.54,43000.0,7226,-0.16000000000000014
E12000006,East of England,2016,250000.0,27892,8.96,180000,20189,8.92,70000.0,7703,0.040000000000000924
E12000007,London,2016,435000.0,36170,12.03,325000,25381,12.8,110000.0,10789,-0.7700000000000014
E12000008,South East,2016,290000.0,29700,9.76,213500,21175,10.08,76500.0,8525,-0.3200000000000003
E12000009,South West,2016,225000.0,26372,8.53,167750,19500,8.6,57250.0,6872,-0.07000000000000028
K04000001,England and Wales,2017,225000.0,28939,7.77,147000,20554,7.15,78000.0,8385,0.6199999999999992
E92000001,England,2017,230000.0,29083,7.91,150000,20651,7.26,80000.0,8432,0.6500000000000004
W92000004,Wales,2017,150000.0,26026,5.76,109000,19124,5.7,41000.0,6902,0.05999999999999961
E12000001,North East,2017,135000.0,25904,5.21,90000,19451,4.63,45000.0,6453,0.5800000000000001
E12000002,North West,2017,155000.0,26754,5.79,109631,19526,5.61,45369.0,7228,0.17999999999999972
E12000003,Yorkshire and The Humber,2017,155000.0,26309,5.89,110000,19209,5.73,45000.0,7100,0.15999999999999925
E12000004,East Midlands,2017,176995.0,25882,6.84,130995,18968,6.91,46000.0,6914,-0.07000000000000028
E12000005,West Midlands,2017,178000.0,26837,6.63,130000,19453,6.68,48000.0,7384,-0.04999999999999982
E12000006,East of England,2017,275000.0,28456,9.66,199500,20338,9.81,75500.0,8118,-0.15000000000000036
E12000007,London,2017,460000.0,37171,12.38,345000,26000,13.27,115000.0,11171,-0.8899999999999988
E12000008,South East,2017,310000.0,30236,10.25,230000,21678,10.61,80000.0,8558,-0.35999999999999943
E12000009,South West,2017,240000.0,27119,8.85,176500,19935,8.85,63500.0,7184,0.0
K04000001,England and Wales,2018,233000.0,29667,7.85,152000,21157,7.18,81000.0,8510,0.6699999999999999
E92000001,England,2018,239950.0,29856,8.04,156000,21263,7.34,83950.0,8593,0.6999999999999993
W92000004,Wales,2018,156000.0,26353,5.92,112500,19690,5.71,43500.0,6663,0.20999999999999996
E12000001,North East,2018,139995.0,26355,5.31,93000,19544,4.76,46995.0,6811,0.5499999999999998
E12000002,North West,2018,160000.0,27376,5.84,112000,19963,5.61,48000.0,7413,0.22999999999999954
E12000003,Yorkshire and The Humber,2018,160000.0,26892,5.95,115000,19793,5.81,45000.0,7099,0.14000000000000057
E12000004,East Midlands,2018,186000.0,26711,6.96,139500,19581,7.12,46500.0,7130,-0.16000000000000014
E12000005,West Midlands,2018,188000.0,27682,6.79,139000,20080,6.92,49000.0,7602,-0.1299999999999999
E12000006,East of England,2018,284995.0,29153,9.78,209950,21091,9.95,75045.0,8062,-0.16999999999999993
E12000007,London,2018,467500.0,38146,12.26,350000,26930,13.0,117500.0,11216,-0.7400000000000002
E12000008,South East,2018,320000.0,30849,10.37,239950,22194,10.81,80050.0,8655,-0.4400000000000013
E12000009,South West,2018,249500.0,27956,8.92,185000,20565,9.0,64500.0,7391,-0.08000000000000007
K04000001,England and Wales,2019,236000.0,30526,7.73,155000,21979,7.05,81000.0,8547,0.6800000000000006
E92000001,England,2019,242000.0,30704,7.88,160000,22052,7.26,82000.0,8652,0.6200000000000001
W92000004,Wales,2019,160000.0,27466,5.83,116500,20447,5.7,43500.0,7019,0.1299999999999999
E12000001,North East,2019,142000.0,27234,5.21,95000,20387,4.66,47000.0,6847,0.5499999999999998
E12000002,North West,2019,165000.0,28175,5.86,116000,20639,5.62,49000.0,7536,0.2400000000000002
E12000003,Yorkshire and The Humber,2019,164950.0,27879,5.92,117500,20579,5.71,47450.0,7300,0.20999999999999996
E12000004,East Midlands,2019,192500.0,28044,6.86,143000,20533,6.96,49500.0,7511,-0.09999999999999964
E12000005,West Midlands,2019,195000.0,28549,6.83,144995,20994,6.91,50005.0,7555,-0.08000000000000007
E12000006,East of England,2019,287500.0,30350,9.47,213000,22108,9.63,74500.0,8242,-0.16000000000000014
E12000007,London,2019,470000.0,39013,12.05,355000,27381,12.97,115000.0,11632,-0.9199999999999999
E12000008,South East,2019,323000.0,32127,10.05,240000,23067,10.4,83000.0,9060,-0.34999999999999964
E12000009,South West,2019,252000.0,28721,8.77,187500,21169,8.86,64500.0,7552,-0.08999999999999986
K04000001,England and Wales,2020,246995.0,31605,7.82,162000,22847,7.09,84995.0,8758,0.7300000000000004
E92000001,England,2020,250000.0,31791,7.86,165000,22965,7.18,85000.0,8826,0.6800000000000006
W92000004,Wales,2020,167000.0,28387,5.88,120000,21045,5.7,47000.0,7342,0.17999999999999972
E12000001,North East,2020,145000.0,27833,5.21,95000,20861,4.55,50000.0,6972,0.6600000000000001
E12000002,North West,2020,174000.0,29459,5.91,120000,21479,5.59,54000.0,7980,0.3200000000000003
E12000003,Yorkshire and The Humber,2020,170000.0,28709,5.92,120000,21264,5.64,50000.0,7445,0.28000000000000025
E12000004,East Midlands,2020,200000.0,29043,6.89,149000,21436,6.95,51000.0,7607,-0.0600000000000005
E12000005,West Midlands,2020,202992.5,29628,6.85,150000,21817,6.88,52992.5,7811,-0.03000000000000025
E12000006,East of England,2020,295000.0,31016,9.51,220000,22724,9.68,75000.0,8292,-0.16999999999999993
E12000007,London,2020,485000.0,40994,11.83,364000,28854,12.62,121000.0,12140,-0.7899999999999991
E12000008,South East,2020,330000.0,32980,10.01,247000,23963,10.31,83000.0,9017,-0.3000000000000007
E12000009,South West,2020,260000.0,29751,8.74,195000,21987,8.87,65000.0,7764,-0.129999999999999
K04000001,England and Wales,2021,280000.0,31300,8.95,185000,22906,8.08,95000.0,8394,0.8699999999999992
E92000001,England,2021,285000.0,31440,9.06,189950,23000,8.26,95050.0,8440,0.8000000000000007
W92000004,Wales,2021,187500.0,28527,6.57,134000,21635,6.19,53500.0,6892,0.3799999999999999
E12000001,North East,2021,160000.0,27560,5.81,107000,21001,5.09,53000.0,6559,0.7199999999999998
E12000002,North West,2021,199000.0,29371,6.78,138500,21750,6.37,60500.0,7621,0.41000000000000014
E12000003,Yorkshire and The Humber,2021,190000.0,28732,6.61,135000,21388,6.31,55000.0,7344,0.3000000000000007
E12000004,East Midlands,2021,228000.0,28363,8.04,168000,21530,7.8,60000.0,6833,0.23999999999999932
E12000005,West Midlands,2021,230000.0,29893,7.69,168000,22041,7.62,62000.0,7852,0.07000000000000028
E12000006,East of England,2021,325000.0,30735,10.57,240000,23030,10.42,85000.0,7705,0.15000000000000036
E12000007,London,2021,511000.0,39737,12.86,385000,28441,13.54,126000.0,11296,-0.6799999999999997
E12000008,South East,2021,365000.0,32827,11.12,270000,24055,11.22,95000.0,8772,-0.10000000000000142
E12000009,South West,2021,290000.0,29002,10.0,216500,21793,9.93,73500.0,7209,0.07000000000000028
K04000001,England and Wales,2022,280000.0,33133,8.45,182500,24347,7.5,97500.0,8786,0.9499999999999993
E92000001,England,2022,285000.0,33280,8.56,186250,24440,7.62,98750.0,8840,0.9400000000000004
W92000004,Wales,2022,197000.0,30630,6.43,140000,23100,6.06,57000.0,7530,0.3700000000000001
E12000001,North East,2022,155000.0,29519,5.25,105000,22232,4.72,50000.0,7287,0.5300000000000002
E12000002,North West,2022,200000.0,30698,6.52,137500,22884,6.01,62500.0,7814,0.5099999999999998
E12000003,Yorkshire and The Humber,2022,190000.0,30354,6.26,135000,22953,5.88,55000.0,7401,0.3799999999999999
E12000004,East Midlands,2022,236995.0,30345,7.81,175000,23000,7.61,61995.0,7345,0.1999999999999993
E12000005,West Midlands,2022,233000.0,31545,7.39,170000,23452,7.25,63000.0,8093,0.13999999999999968
E12000006,East of England,2022,335000.0,32615,10.27,246000,24249,10.14,89000.0,8366,0.129999999999999
E12000007,London,2022,520000.0,41987,12.38,385000,30064,12.81,135000.0,11923,-0.4299999999999997
E12000008,South East,2022,375000.0,34500,10.87,272000,25271,10.76,103000.0,9229,0.10999999999999943
E12000009,South West,2022,300000.0,31371,9.56,220000,23523,9.35,80000.0,7848,0.21000000000000085
K04000001,England and Wales,2023,290000.0,35045,8.28,190000,26085,7.28,100000.0,8960,0.9999999999999991
E92000001,England,2023,297500.0,35217,8.45,195712,26165,7.48,101788.0,9052,0.9699999999999989
W92000004,Wales,2023,202000.0,32363,6.24,145000,24742,5.86,57000.0,7621,0.3799999999999999
E12000001,North East,2023,165995.0,31104,5.34,111000,23829,4.66,54995.0,7275,0.6799999999999997
E12000002,North West,2023,210000.0,33078,6.35,145000,25000,5.8,65000.0,8078,0.5499999999999998
E12000003,Yorkshire and The Humber,2023,204950.0,31921,6.42,143280,24559,5.83,61670.0,7362,0.5899999999999999
E12000004,East Midlands,2023,248000.0,31680,7.83,181500,24257,7.48,66500.0,7423,0.34999999999999964
E12000005,West Midlands,2023,245000.0,33342,7.35,180000,25245,7.13,65000.0,8097,0.21999999999999975
E12000006,East of England,2023,349995.0,34865,10.04,255000,26295,9.7,94995.0,8570,0.33999999999999986
E12000007,London,2023,526000.0,44681,11.77,395000,31731,12.45,131000.0,12950,-0.6799999999999997
E12000008,South East,2023,385000.0,36527,10.54,280000,26914,10.4,105000.0,9613,0.1399999999999988
E12000009,South West,2023,315000.0,33631,9.37,235000,25355,9.27,80000.0,8276,0.09999999999999964
K04000001,England and Wales,2024,289995.0,37482,7.74,192000,27999,6.86,97995.0,9483,0.8799999999999999
E92000001,England,2024,295000.0,37647,7.84,196995,28074,7.02,98005.0,9573,0.8200000000000003
W92000004,Wales,2024,209995.0,34267,6.13,148000,26320,5.62,61995.0,7947,0.5099999999999998
E12000001,North East,2024,167500.0,33008,5.07,115000,25630,4.49,52500.0,7378,0.5800000000000001
E12000002,North West,2024,215000.0,35176,6.11,149995,26729,5.61,65005.0,8447,0.5
E12000003,Yorkshire and The Humber,2024,207000.0,34423,6.01,146000,26522,5.5,61000.0,7901,0.5099999999999998
E12000004,East Midlands,2024,245000.0,33891,7.23,182000,26203,6.95,63000.0,7688,0.28000000000000025
E12000005,West Midlands,2024,245000.0,34940,7.01,180000,26576,6.77,65000.0,8364,0.2400000000000002
E12000006,East of England,2024,340000.0,36972,9.2,250000,27901,8.96,90000.0,9071,0.23999999999999844
E12000007,London,2024,530000.0,47441,11.17,392000,34330,11.42,138000.0,13111,-0.25
E12000008,South East,2024,380000.0,39056,9.73,280000,29051,9.64,100000.0,10005,0.08999999999999986
E12000009,South West,2024,307000.0,35576,8.63,230000,26890,8.55,77000.0,8686,0.08000000000000007
K04000001,England and Wales,2025,295000.0,39059,7.55,200000,29270,6.83,95000.0,9789,0.7199999999999998
E92000001,England,2025,300000.0,39298,7.63,204995,29359,6.98,95005.0,9939,0.6499999999999995
W92000004,Wales,2025,213000.0,35796,5.95,155000,27865,5.56,58000.0,7931,0.39000000000000057
E12000001,North East,2025,172000.0,34403,5.0,120000,27082,4.43,52000.0,7321,0.5700000000000003
E12000002,North West,2025,221000.0,37361,5.92,155500,27992,5.56,65500.0,9369,0.3600000000000003
E12000003,Yorkshire and The Humber,2025,215000.0,35682,6.03,152575,27690,5.51,62425.0,7992,0.5200000000000005
E12000004,East Midlands,2025,250000.0,35600,7.02,185550,27413,6.77,64450.0,8187,0.25
E12000005,West Midlands,2025,252000.0,37064,6.8,190000,27951,6.8,62000.0,9113,0.0
E12000006,East of England,2025,348000.0,38597,9.02,255000,29110,8.76,93000.0,9487,0.2599999999999998
E12000007,London,2025,527000.0,49692,10.61,400000,35424,11.29,127000.0,14268,-0.6799999999999997
E12000008,South East,2025,383000.0,39983,9.58,284000,29704,9.56,99000.0,10279,0.019999999999999574
E12000009,South West,2025,310000.0,37195,8.33,235000,28631,8.21,75000.0,8564,0.11999999999999922
