column,role,explicit_type,actual_pandas_dtype,missing_rate,nunique
lad_code,identifier_or_time_index,category_identifier,category,0.0,326
quarter,identifier_or_time_index,period_quarter,period[Q-DEC],0.0,104
year,predictor_or_engineered_predictor,int_time,int16,0.0,26
month,predictor_or_engineered_predictor,int_time,Float64,0.07857479943369514,8
average_house_price,predictor_or_engineered_predictor,float,float64,0.0950920245398773,30227
average_house_price_monthly_change,predictor_or_engineered_predictor,float,float64,0.0950920245398773,703
average_house_price_annual_change,predictor_or_engineered_predictor,float,float64,0.0950920245398773,2367
seasonally_adjusted_average_house_price,predictor_or_engineered_predictor,float,float64,1.0,0
house_price_index,predictor_or_engineered_predictor,float,float64,0.0950920245398773,3232
house_sales_volume,predictor_or_engineered_predictor,float,float64,0.0950920245398773,2708
unemployment_count,predictor_or_engineered_predictor,float,float64,0.6257668711656442,6018
private_rental_price_index,predictor_or_engineered_predictor,float,float64,0.6288343558282209,12583
private_rental_price_monthly_change,predictor_or_engineered_predictor,float,float64,0.6288343558282209,12566
private_rental_price_annual_change,predictor_or_engineered_predictor,float,float64,0.6625766871165644,11438
average_private_rental_price,predictor_or_engineered_predictor,float,float64,0.6288343558282209,3723
gbp_index,predictor_or_engineered_predictor,float,float64,0.0856536101934875,123
ftse_100,predictor_or_engineered_predictor,float,float64,0.1204577630957999,122
income,predictor_or_engineered_predictor,float,float64,0.19679093912222748,5539
uk_bank_rate,predictor_or_engineered_predictor,float,float64,0.0856536101934875,42
brent_oil_price,predictor_or_engineered_predictor,float,float64,0.0856536101934875,126
population,predictor_or_engineered_predictor,float,float64,0.17632137800849457,6866
internal_net_migration,predictor_or_engineered_predictor,float,float64,0.20994572911750825,3516
international_net_migration,predictor_or_engineered_predictor,float,float64,0.20994572911750825,2577
cpi_00_all_items,predictor_or_engineered_predictor,float,float64,0.0856536101934875,120
homelessness_relief,target_history_or_auxiliary,float_target_or_target_derived,float64,0.7823265691363851,646
homelessness_total_assessments,target,float_target_or_target_derived,float64,0.4889983482774894,1060
homelessness_per_1000,target_history_or_auxiliary,float_target_or_target_derived,float64,0.659273242095328,7428
lad_name,identifier_or_time_index,category_identifier,category,0.0,324
quarter_date,identifier_or_time_index,datetime,datetime64[us],0.0,104
quarter_num,predictor_or_engineered_predictor,int_time,int8,0.0,4
quarter_index,predictor_or_engineered_predictor,int_time,int16,0.0,104
real_income_cpi_adjusted,predictor_or_engineered_predictor,float,float64,0.2038697498820198,26574
real_house_price_cpi_adjusted,predictor_or_engineered_predictor,float,float64,0.0950920245398773,30676
house_price_to_income,predictor_or_engineered_predictor,float,float64,0.20493157149598867,26956
annual_rent_to_income,predictor_or_engineered_predictor,float,float64,0.7319490325625295,8949
unemployment_per_1000,predictor_or_engineered_predictor,float,float64,0.6718971212836243,11075
computed_homelessness_rate_per_1000,target_history_or_auxiliary,float_target_or_target_derived,float64,0.522239263803681,15620
log1p_average_house_price,predictor_or_engineered_predictor,float,float64,0.0950920245398773,30227
log1p_seasonally_adjusted_average_house_price,predictor_or_engineered_predictor,float,float64,1.0,0
log1p_house_price_index,predictor_or_engineered_predictor,float,float64,0.0950920245398773,2803
log1p_house_sales_volume,predictor_or_engineered_predictor,float,float64,0.0950920245398773,2708
log1p_unemployment_count,predictor_or_engineered_predictor,float,float64,0.6257668711656442,6018
log1p_private_rental_price_index,predictor_or_engineered_predictor,float,float64,0.6288343558282209,12583
log1p_average_private_rental_price,predictor_or_engineered_predictor,float,float64,0.6288343558282209,3723
log1p_income,predictor_or_engineered_predictor,float,float64,0.19679093912222748,5539
log1p_brent_oil_price,predictor_or_engineered_predictor,float,float64,0.0856536101934875,126
log1p_population,predictor_or_engineered_predictor,float,float64,0.17632137800849457,6866
log1p_cpi_00_all_items,predictor_or_engineered_predictor,float,float64,0.0856536101934875,120
log1p_real_income_cpi_adjusted,predictor_or_engineered_predictor,float,float64,0.2038697498820198,26560
log1p_real_house_price_cpi_adjusted,predictor_or_engineered_predictor,float,float64,0.0950920245398773,30675
log1p_house_price_to_income,predictor_or_engineered_predictor,float,float64,0.20493157149598867,26956
log1p_annual_rent_to_income,predictor_or_engineered_predictor,float,float64,0.7319490325625295,8949
log1p_unemployment_per_1000,predictor_or_engineered_predictor,float,float64,0.6718971212836243,11075
average_house_price_qoq_pct,predictor_or_engineered_predictor,float,float64,0.1037930627654554,30385
average_house_price_yoy_pct,predictor_or_engineered_predictor,float,float64,0.1298961774421897,29500
average_house_price_monthly_change_qoq_pct,predictor_or_engineered_predictor,float,float64,0.11013449740443605,9725
average_house_price_monthly_change_yoy_pct,predictor_or_engineered_predictor,float,float64,0.13617862199150543,9479
average_house_price_annual_change_qoq_pct,predictor_or_engineered_predictor,float,float64,0.10479589428975931,24125
average_house_price_annual_change_yoy_pct,predictor_or_engineered_predictor,float,float64,0.13086951392166116,25457
seasonally_adjusted_average_house_price_qoq_pct,predictor_or_engineered_predictor,float,float64,1.0,0
seasonally_adjusted_average_house_price_yoy_pct,predictor_or_engineered_predictor,float,float64,1.0,0
house_price_index_qoq_pct,predictor_or_engineered_predictor,float,float64,0.1037930627654554,27795
house_price_index_yoy_pct,predictor_or_engineered_predictor,float,float64,0.1298961774421897,28268
house_sales_volume_qoq_pct,predictor_or_engineered_predictor,float,float64,0.1037930627654554,27289
house_sales_volume_yoy_pct,predictor_or_engineered_predictor,float,float64,0.1298961774421897,26903
unemployment_count_qoq_pct,predictor_or_engineered_predictor,float,float64,0.6293652666352053,12390
unemployment_count_yoy_pct,predictor_or_engineered_predictor,float,float64,0.6401604530438886,12114
private_rental_price_index_qoq_pct,predictor_or_engineered_predictor,float,float64,0.6372699386503068,12298
private_rental_price_index_yoy_pct,predictor_or_engineered_predictor,float,float64,0.6625766871165644,11440
private_rental_price_monthly_change_qoq_pct,predictor_or_engineered_predictor,float,float64,0.6372699386503068,12298
private_rental_price_monthly_change_yoy_pct,predictor_or_engineered_predictor,float,float64,0.6625766871165644,11440
private_rental_price_annual_change_qoq_pct,predictor_or_engineered_predictor,float,float64,0.6710122699386503,11154
private_rental_price_annual_change_yoy_pct,predictor_or_engineered_predictor,float,float64,0.696319018404908,10296
average_private_rental_price_qoq_pct,predictor_or_engineered_predictor,float,float64,0.6372699386503068,11131
average_private_rental_price_yoy_pct,predictor_or_engineered_predictor,float,float64,0.6625766871165644,11050
gbp_index_qoq_pct,predictor_or_engineered_predictor,float,float64,0.09535747994336952,123
gbp_index_yoy_pct,predictor_or_engineered_predictor,float,float64,0.1243511090136857,114
ftse_100_qoq_pct,predictor_or_engineered_predictor,float,float64,0.1301616328456819,119
ftse_100_yoy_pct,predictor_or_engineered_predictor,float,float64,0.1591552619159981,110
income_qoq_pct,predictor_or_engineered_predictor,float,float64,0.20552147239263804,6509
income_yoy_pct,predictor_or_engineered_predictor,float,float64,0.23171307220386975,6508
uk_bank_rate_qoq_pct,predictor_or_engineered_predictor,float,float64,0.09535747994336952,58
uk_bank_rate_yoy_pct,predictor_or_engineered_predictor,float,float64,0.1243511090136857,69
brent_oil_price_qoq_pct,predictor_or_engineered_predictor,float,float64,0.09535747994336952,123
brent_oil_price_yoy_pct,predictor_or_engineered_predictor,float,float64,0.1243511090136857,114
population_qoq_pct,predictor_or_engineered_predictor,float,float64,0.18514039641340255,6682
population_yoy_pct,predictor_or_engineered_predictor,float,float64,0.21142048135913166,6685
internal_net_migration_qoq_pct,predictor_or_engineered_predictor,float,float64,0.21923666823973573,6314
internal_net_migration_yoy_pct,predictor_or_engineered_predictor,float,float64,0.24551675318546484,6317
international_net_migration_qoq_pct,predictor_or_engineered_predictor,float,float64,0.21970858895705522,5918
international_net_migration_yoy_pct,predictor_or_engineered_predictor,float,float64,0.24598867390278434,5920
cpi_00_all_items_qoq_pct,predictor_or_engineered_predictor,float,float64,0.09535747994336952,121
cpi_00_all_items_yoy_pct,predictor_or_engineered_predictor,float,float64,0.1243511090136857,114
real_income_cpi_adjusted_qoq_pct,predictor_or_engineered_predictor,float,float64,0.2126002831524304,6755
real_income_cpi_adjusted_yoy_pct,predictor_or_engineered_predictor,float,float64,0.2387918829636621,25808
real_house_price_cpi_adjusted_qoq_pct,predictor_or_engineered_predictor,float,float64,0.1037930627654554,30385
real_house_price_cpi_adjusted_yoy_pct,predictor_or_engineered_predictor,float,float64,0.1298961774421897,29500
house_price_to_income_qoq_pct,predictor_or_engineered_predictor,float,float64,0.21357361963190183,26663
house_price_to_income_yoy_pct,predictor_or_engineered_predictor,float,float64,0.23949976403964135,25784
annual_rent_to_income_qoq_pct,predictor_or_engineered_predictor,float,float64,0.7403256252949505,8347
annual_rent_to_income_yoy_pct,predictor_or_engineered_predictor,float,float64,0.7654554034922133,7948
unemployment_per_1000_qoq_pct,predictor_or_engineered_predictor,float,float64,0.6754365266635205,10932
unemployment_per_1000_yoy_pct,predictor_or_engineered_predictor,float,float64,0.6860547428032091,10643
average_house_price_lag1q,predictor_or_engineered_predictor,float,float64,0.1037930627654554,29944
average_house_price_lag2q,predictor_or_engineered_predictor,float,float64,0.1124941009910335,29652
average_house_price_lag4q,predictor_or_engineered_predictor,float,float64,0.1298961774421897,29072
average_house_price_lag8q,predictor_or_engineered_predictor,float,float64,0.16470033034450213,27915
average_house_price_monthly_change_lag1q,predictor_or_engineered_predictor,float,float64,0.1037930627654554,703
average_house_price_monthly_change_lag2q,predictor_or_engineered_predictor,float,float64,0.1124941009910335,703
average_house_price_monthly_change_lag4q,predictor_or_engineered_predictor,float,float64,0.1298961774421897,699
average_house_price_monthly_change_lag8q,predictor_or_engineered_predictor,float,float64,0.16470033034450213,697
average_house_price_annual_change_lag1q,predictor_or_engineered_predictor,float,float64,0.1037930627654554,2367
average_house_price_annual_change_lag2q,predictor_or_engineered_predictor,float,float64,0.1124941009910335,2365
average_house_price_annual_change_lag4q,predictor_or_engineered_predictor,float,float64,0.1298961774421897,2363
average_house_price_annual_change_lag8q,predictor_or_engineered_predictor,float,float64,0.16470033034450213,2358
seasonally_adjusted_average_house_price_lag1q,predictor_or_engineered_predictor,float,float64,1.0,0
seasonally_adjusted_average_house_price_lag2q,predictor_or_engineered_predictor,float,float64,1.0,0
seasonally_adjusted_average_house_price_lag4q,predictor_or_engineered_predictor,float,float64,1.0,0
seasonally_adjusted_average_house_price_lag8q,predictor_or_engineered_predictor,float,float64,1.0,0
house_price_index_lag1q,predictor_or_engineered_predictor,float,float64,0.1037930627654554,3195
house_price_index_lag2q,predictor_or_engineered_predictor,float,float64,0.1124941009910335,3165
house_price_index_lag4q,predictor_or_engineered_predictor,float,float64,0.1298961774421897,3116
house_price_index_lag8q,predictor_or_engineered_predictor,float,float64,0.16470033034450213,3073
house_sales_volume_lag1q,predictor_or_engineered_predictor,float,float64,0.1037930627654554,2707
house_sales_volume_lag2q,predictor_or_engineered_predictor,float,float64,0.1124941009910335,2705
house_sales_volume_lag4q,predictor_or_engineered_predictor,float,float64,0.1298961774421897,2700
house_sales_volume_lag8q,predictor_or_engineered_predictor,float,float64,0.16470033034450213,2688
unemployment_count_lag1q,predictor_or_engineered_predictor,float,float64,0.6293652666352053,5973
unemployment_count_lag2q,predictor_or_engineered_predictor,float,float64,0.6329636621047664,5931
unemployment_count_lag4q,predictor_or_engineered_predictor,float,float64,0.6401604530438886,5848
unemployment_count_lag8q,predictor_or_engineered_predictor,float,float64,0.654554034922133,5670
private_rental_price_index_lag1q,predictor_or_engineered_predictor,float,float64,0.6372699386503068,12297
private_rental_price_index_lag2q,predictor_or_engineered_predictor,float,float64,0.6457055214723927,12011
private_rental_price_index_lag4q,predictor_or_engineered_predictor,float,float64,0.6625766871165644,11439
private_rental_price_index_lag8q,predictor_or_engineered_predictor,float,float64,0.696319018404908,10295
private_rental_price_monthly_change_lag1q,predictor_or_engineered_predictor,float,float64,0.6372699386503068,12281
private_rental_price_monthly_change_lag2q,predictor_or_engineered_predictor,float,float64,0.6457055214723927,11995
private_rental_price_monthly_change_lag4q,predictor_or_engineered_predictor,float,float64,0.6625766871165644,11424
private_rental_price_monthly_change_lag8q,predictor_or_engineered_predictor,float,float64,0.696319018404908,10280
private_rental_price_annual_change_lag1q,predictor_or_engineered_predictor,float,float64,0.6710122699386503,11152
private_rental_price_annual_change_lag2q,predictor_or_engineered_predictor,float,float64,0.6794478527607362,10867
private_rental_price_annual_change_lag4q,predictor_or_engineered_predictor,float,float64,0.696319018404908,10295
private_rental_price_annual_change_lag8q,predictor_or_engineered_predictor,float,float64,0.7300613496932515,9151
average_private_rental_price_lag1q,predictor_or_engineered_predictor,float,float64,0.6372699386503068,3676
average_private_rental_price_lag2q,predictor_or_engineered_predictor,float,float64,0.6457055214723927,3628
average_private_rental_price_lag4q,predictor_or_engineered_predictor,float,float64,0.6625766871165644,3512
average_private_rental_price_lag8q,predictor_or_engineered_predictor,float,float64,0.696319018404908,3312
gbp_index_lag1q,predictor_or_engineered_predictor,float,float64,0.09438414346389806,121
gbp_index_lag2q,predictor_or_engineered_predictor,float,float64,0.10311467673430863,119
gbp_index_lag4q,predictor_or_engineered_predictor,float,float64,0.12069372345445965,115
gbp_index_lag8q,predictor_or_engineered_predictor,float,float64,0.15585181689476169,107
ftse_100_lag1q,predictor_or_engineered_predictor,float,float64,0.1291882963662105,120
ftse_100_lag2q,predictor_or_engineered_predictor,float,float64,0.13791882963662105,118
ftse_100_lag4q,predictor_or_engineered_predictor,float,float64,0.15549787635677206,114
ftse_100_lag8q,predictor_or_engineered_predictor,float,float64,0.19065596979707408,106
income_lag1q,predictor_or_engineered_predictor,float,float64,0.19679093912222748,5539
income_lag2q,predictor_or_engineered_predictor,float,float64,0.19679093912222748,5539
income_lag4q,predictor_or_engineered_predictor,float,float64,0.19679093912222748,5539
income_lag8q,predictor_or_engineered_predictor,float,float64,0.19679093912222748,5539
uk_bank_rate_lag1q,predictor_or_engineered_predictor,float,float64,0.09438414346389806,42
uk_bank_rate_lag2q,predictor_or_engineered_predictor,float,float64,0.10311467673430863,41
uk_bank_rate_lag4q,predictor_or_engineered_predictor,float,float64,0.12069372345445965,40
uk_bank_rate_lag8q,predictor_or_engineered_predictor,float,float64,0.15585181689476169,38
brent_oil_price_lag1q,predictor_or_engineered_predictor,float,float64,0.09438414346389806,124
brent_oil_price_lag2q,predictor_or_engineered_predictor,float,float64,0.10311467673430863,122
brent_oil_price_lag4q,predictor_or_engineered_predictor,float,float64,0.12069372345445965,118
brent_oil_price_lag8q,predictor_or_engineered_predictor,float,float64,0.15585181689476169,110
population_lag1q,predictor_or_engineered_predictor,float,float64,0.17632137800849457,6866
population_lag2q,predictor_or_engineered_predictor,float,float64,0.17632137800849457,6866
population_lag4q,predictor_or_engineered_predictor,float,float64,0.17632137800849457,6866
population_lag8q,predictor_or_engineered_predictor,float,float64,0.21124351109013687,6577
internal_net_migration_lag1q,predictor_or_engineered_predictor,float,float64,0.20994572911750825,3516
internal_net_migration_lag2q,predictor_or_engineered_predictor,float,float64,0.20994572911750825,3516
internal_net_migration_lag4q,predictor_or_engineered_predictor,float,float64,0.20994572911750825,3516
internal_net_migration_lag8q,predictor_or_engineered_predictor,float,float64,0.24486786219915055,3392
international_net_migration_lag1q,predictor_or_engineered_predictor,float,float64,0.20994572911750825,2577
international_net_migration_lag2q,predictor_or_engineered_predictor,float,float64,0.20994572911750825,2577
international_net_migration_lag4q,predictor_or_engineered_predictor,float,float64,0.20994572911750825,2577
international_net_migration_lag8q,predictor_or_engineered_predictor,float,float64,0.24486786219915055,2458
cpi_00_all_items_lag1q,predictor_or_engineered_predictor,float,float64,0.09438414346389806,118
cpi_00_all_items_lag2q,predictor_or_engineered_predictor,float,float64,0.10311467673430863,116
cpi_00_all_items_lag4q,predictor_or_engineered_predictor,float,float64,0.12069372345445965,112
cpi_00_all_items_lag8q,predictor_or_engineered_predictor,float,float64,0.15585181689476169,105
real_income_cpi_adjusted_lag1q,predictor_or_engineered_predictor,float,float64,0.2038697498820198,26574
real_income_cpi_adjusted_lag2q,predictor_or_engineered_predictor,float,float64,0.2038697498820198,26574
real_income_cpi_adjusted_lag4q,predictor_or_engineered_predictor,float,float64,0.2038697498820198,26574
real_income_cpi_adjusted_lag8q,predictor_or_engineered_predictor,float,float64,0.2038697498820198,26574
real_house_price_cpi_adjusted_lag1q,predictor_or_engineered_predictor,float,float64,0.1037930627654554,30381
real_house_price_cpi_adjusted_lag2q,predictor_or_engineered_predictor,float,float64,0.1124941009910335,30086
real_house_price_cpi_adjusted_lag4q,predictor_or_engineered_predictor,float,float64,0.1298961774421897,29496
real_house_price_cpi_adjusted_lag8q,predictor_or_engineered_predictor,float,float64,0.16470033034450213,28316
house_price_to_income_lag1q,predictor_or_engineered_predictor,float,float64,0.20493157149598867,26956
house_price_to_income_lag2q,predictor_or_engineered_predictor,float,float64,0.20493157149598867,26956
house_price_to_income_lag4q,predictor_or_engineered_predictor,float,float64,0.20493157149598867,26956
house_price_to_income_lag8q,predictor_or_engineered_predictor,float,float64,0.20493157149598867,26956
annual_rent_to_income_lag1q,predictor_or_engineered_predictor,float,float64,0.7319490325625295,8949
annual_rent_to_income_lag2q,predictor_or_engineered_predictor,float,float64,0.7319490325625295,8949
annual_rent_to_income_lag4q,predictor_or_engineered_predictor,float,float64,0.7319490325625295,8949
annual_rent_to_income_lag8q,predictor_or_engineered_predictor,float,float64,0.7319490325625295,8949
unemployment_per_1000_lag1q,predictor_or_engineered_predictor,float,float64,0.6718971212836243,11075
unemployment_per_1000_lag2q,predictor_or_engineered_predictor,float,float64,0.6718971212836243,11075
unemployment_per_1000_lag4q,predictor_or_engineered_predictor,float,float64,0.6718971212836243,11075
unemployment_per_1000_lag8q,predictor_or_engineered_predictor,float,float64,0.6860547428032091,10597
log1p_average_house_price_lag1q,predictor_or_engineered_predictor,float,float64,0.1037930627654554,29944
log1p_average_house_price_lag2q,predictor_or_engineered_predictor,float,float64,0.1124941009910335,29652
log1p_average_house_price_lag4q,predictor_or_engineered_predictor,float,float64,0.1298961774421897,29072
log1p_average_house_price_lag8q,predictor_or_engineered_predictor,float,float64,0.16470033034450213,27915
log1p_seasonally_adjusted_average_house_price_lag1q,predictor_or_engineered_predictor,float,float64,1.0,0
log1p_seasonally_adjusted_average_house_price_lag2q,predictor_or_engineered_predictor,float,float64,1.0,0
log1p_seasonally_adjusted_average_house_price_lag4q,predictor_or_engineered_predictor,float,float64,1.0,0
log1p_seasonally_adjusted_average_house_price_lag8q,predictor_or_engineered_predictor,float,float64,1.0,0
log1p_house_price_index_lag1q,predictor_or_engineered_predictor,float,float64,0.1037930627654554,2771
log1p_house_price_index_lag2q,predictor_or_engineered_predictor,float,float64,0.1124941009910335,2741
log1p_house_price_index_lag4q,predictor_or_engineered_predictor,float,float64,0.1298961774421897,2698
log1p_house_price_index_lag8q,predictor_or_engineered_predictor,float,float64,0.16470033034450213,2659
log1p_house_sales_volume_lag1q,predictor_or_engineered_predictor,float,float64,0.1037930627654554,2707
log1p_house_sales_volume_lag2q,predictor_or_engineered_predictor,float,float64,0.1124941009910335,2705
log1p_house_sales_volume_lag4q,predictor_or_engineered_predictor,float,float64,0.1298961774421897,2700
log1p_house_sales_volume_lag8q,predictor_or_engineered_predictor,float,float64,0.16470033034450213,2688
log1p_unemployment_count_lag1q,predictor_or_engineered_predictor,float,float64,0.6293652666352053,5973
log1p_unemployment_count_lag2q,predictor_or_engineered_predictor,float,float64,0.6329636621047664,5931
log1p_unemployment_count_lag4q,predictor_or_engineered_predictor,float,float64,0.6401604530438886,5848
log1p_unemployment_count_lag8q,predictor_or_engineered_predictor,float,float64,0.654554034922133,5670
log1p_private_rental_price_index_lag1q,predictor_or_engineered_predictor,float,float64,0.6372699386503068,12297
log1p_private_rental_price_index_lag2q,predictor_or_engineered_predictor,float,float64,0.6457055214723927,12011
log1p_private_rental_price_index_lag4q,predictor_or_engineered_predictor,float,float64,0.6625766871165644,11439
log1p_private_rental_price_index_lag8q,predictor_or_engineered_predictor,float,float64,0.696319018404908,10295
log1p_average_private_rental_price_lag1q,predictor_or_engineered_predictor,float,float64,0.6372699386503068,3676
log1p_average_private_rental_price_lag2q,predictor_or_engineered_predictor,float,float64,0.6457055214723927,3628
log1p_average_private_rental_price_lag4q,predictor_or_engineered_predictor,float,float64,0.6625766871165644,3512
log1p_average_private_rental_price_lag8q,predictor_or_engineered_predictor,float,float64,0.696319018404908,3312
log1p_income_lag1q,predictor_or_engineered_predictor,float,float64,0.19679093912222748,5539
log1p_income_lag2q,predictor_or_engineered_predictor,float,float64,0.19679093912222748,5539
log1p_income_lag4q,predictor_or_engineered_predictor,float,float64,0.19679093912222748,5539
log1p_income_lag8q,predictor_or_engineered_predictor,float,float64,0.19679093912222748,5539
log1p_brent_oil_price_lag1q,predictor_or_engineered_predictor,float,float64,0.09438414346389806,124
log1p_brent_oil_price_lag2q,predictor_or_engineered_predictor,float,float64,0.10311467673430863,122
log1p_brent_oil_price_lag4q,predictor_or_engineered_predictor,float,float64,0.12069372345445965,118
log1p_brent_oil_price_lag8q,predictor_or_engineered_predictor,float,float64,0.15585181689476169,110
log1p_population_lag1q,predictor_or_engineered_predictor,float,float64,0.17632137800849457,6866
log1p_population_lag2q,predictor_or_engineered_predictor,float,float64,0.17632137800849457,6866
log1p_population_lag4q,predictor_or_engineered_predictor,float,float64,0.17632137800849457,6866
log1p_population_lag8q,predictor_or_engineered_predictor,float,float64,0.21124351109013687,6577
log1p_cpi_00_all_items_lag1q,predictor_or_engineered_predictor,float,float64,0.09438414346389806,118
log1p_cpi_00_all_items_lag2q,predictor_or_engineered_predictor,float,float64,0.10311467673430863,116
log1p_cpi_00_all_items_lag4q,predictor_or_engineered_predictor,float,float64,0.12069372345445965,112
log1p_cpi_00_all_items_lag8q,predictor_or_engineered_predictor,float,float64,0.15585181689476169,105
log1p_real_income_cpi_adjusted_lag1q,predictor_or_engineered_predictor,float,float64,0.2038697498820198,26560
log1p_real_income_cpi_adjusted_lag2q,predictor_or_engineered_predictor,float,float64,0.2038697498820198,26560
log1p_real_income_cpi_adjusted_lag4q,predictor_or_engineered_predictor,float,float64,0.2038697498820198,26560
log1p_real_income_cpi_adjusted_lag8q,predictor_or_engineered_predictor,float,float64,0.2038697498820198,26560
log1p_real_house_price_cpi_adjusted_lag1q,predictor_or_engineered_predictor,float,float64,0.1037930627654554,30380
log1p_real_house_price_cpi_adjusted_lag2q,predictor_or_engineered_predictor,float,float64,0.1124941009910335,30085
log1p_real_house_price_cpi_adjusted_lag4q,predictor_or_engineered_predictor,float,float64,0.1298961774421897,29495
log1p_real_house_price_cpi_adjusted_lag8q,predictor_or_engineered_predictor,float,float64,0.16470033034450213,28315
log1p_house_price_to_income_lag1q,predictor_or_engineered_predictor,float,float64,0.20493157149598867,26956
log1p_house_price_to_income_lag2q,predictor_or_engineered_predictor,float,float64,0.20493157149598867,26956
log1p_house_price_to_income_lag4q,predictor_or_engineered_predictor,float,float64,0.20493157149598867,26956
log1p_house_price_to_income_lag8q,predictor_or_engineered_predictor,float,float64,0.20493157149598867,26956
log1p_annual_rent_to_income_lag1q,predictor_or_engineered_predictor,float,float64,0.7319490325625295,8949
log1p_annual_rent_to_income_lag2q,predictor_or_engineered_predictor,float,float64,0.7319490325625295,8949
log1p_annual_rent_to_income_lag4q,predictor_or_engineered_predictor,float,float64,0.7319490325625295,8949
log1p_annual_rent_to_income_lag8q,predictor_or_engineered_predictor,float,float64,0.7319490325625295,8949
log1p_unemployment_per_1000_lag1q,predictor_or_engineered_predictor,float,float64,0.6718971212836243,11075
log1p_unemployment_per_1000_lag2q,predictor_or_engineered_predictor,float,float64,0.6718971212836243,11075
log1p_unemployment_per_1000_lag4q,predictor_or_engineered_predictor,float,float64,0.6718971212836243,11075
log1p_unemployment_per_1000_lag8q,predictor_or_engineered_predictor,float,float64,0.6860547428032091,10597
average_house_price_qoq_pct_lag1q,predictor_or_engineered_predictor,float,float64,0.1124941009910335,30090
average_house_price_qoq_pct_lag2q,predictor_or_engineered_predictor,float,float64,0.12119513921661161,29795
average_house_price_qoq_pct_lag4q,predictor_or_engineered_predictor,float,float64,0.1385972156677678,29205
average_house_price_qoq_pct_lag8q,predictor_or_engineered_predictor,float,float64,0.17340136857008023,28025
average_house_price_yoy_pct_lag1q,predictor_or_engineered_predictor,float,float64,0.1385972156677678,29205
average_house_price_yoy_pct_lag2q,predictor_or_engineered_predictor,float,float64,0.14729825389334592,28910
average_house_price_yoy_pct_lag4q,predictor_or_engineered_predictor,float,float64,0.16470033034450213,28320
average_house_price_yoy_pct_lag8q,predictor_or_engineered_predictor,float,float64,0.19950448324681452,27140
average_house_price_monthly_change_qoq_pct_lag1q,predictor_or_engineered_predictor,float,float64,0.1188060405851817,9694
average_house_price_monthly_change_qoq_pct_lag2q,predictor_or_engineered_predictor,float,float64,0.12747758376592733,9633
average_house_price_monthly_change_qoq_pct_lag4q,predictor_or_engineered_predictor,float,float64,0.14485016517225105,9566
average_house_price_monthly_change_qoq_pct_lag8q,predictor_or_engineered_predictor,float,float64,0.1792708824917414,9441
average_house_price_monthly_change_yoy_pct_lag1q,predictor_or_engineered_predictor,float,float64,0.14485016517225105,9460
average_house_price_monthly_change_yoy_pct_lag2q,predictor_or_engineered_predictor,float,float64,0.15349221330816423,9414
average_house_price_monthly_change_yoy_pct_lag4q,predictor_or_engineered_predictor,float,float64,0.17068782444549316,9336
average_house_price_monthly_change_yoy_pct_lag8q,predictor_or_engineered_predictor,float,float64,0.20519702689948088,9210
average_house_price_annual_change_qoq_pct_lag1q,predictor_or_engineered_predictor,float,float64,0.11349693251533742,23973
average_house_price_annual_change_qoq_pct_lag2q,predictor_or_engineered_predictor,float,float64,0.12216847569608306,23810
average_house_price_annual_change_qoq_pct_lag4q,predictor_or_engineered_predictor,float,float64,0.1395410571024068,23438
average_house_price_annual_change_qoq_pct_lag8q,predictor_or_engineered_predictor,float,float64,0.17428621991505427,22811
average_house_price_annual_change_yoy_pct_lag1q,predictor_or_engineered_predictor,float,float64,0.1395410571024068,25279
average_house_price_annual_change_yoy_pct_lag2q,predictor_or_engineered_predictor,float,float64,0.14821260028315242,25106
average_house_price_annual_change_yoy_pct_lag4q,predictor_or_engineered_predictor,float,float64,0.16558518168947617,24694
average_house_price_annual_change_yoy_pct_lag8q,predictor_or_engineered_predictor,float,float64,0.20033034450212364,23905
seasonally_adjusted_average_house_price_qoq_pct_lag1q,predictor_or_engineered_predictor,float,float64,1.0,0
seasonally_adjusted_average_house_price_qoq_pct_lag2q,predictor_or_engineered_predictor,float,float64,1.0,0
seasonally_adjusted_average_house_price_qoq_pct_lag4q,predictor_or_engineered_predictor,float,float64,1.0,0
seasonally_adjusted_average_house_price_qoq_pct_lag8q,predictor_or_engineered_predictor,float,float64,1.0,0
seasonally_adjusted_average_house_price_yoy_pct_lag1q,predictor_or_engineered_predictor,float,float64,1.0,0
seasonally_adjusted_average_house_price_yoy_pct_lag2q,predictor_or_engineered_predictor,float,float64,1.0,0
seasonally_adjusted_average_house_price_yoy_pct_lag4q,predictor_or_engineered_predictor,float,float64,1.0,0
seasonally_adjusted_average_house_price_yoy_pct_lag8q,predictor_or_engineered_predictor,float,float64,1.0,0
house_price_index_qoq_pct_lag1q,predictor_or_engineered_predictor,float,float64,0.1124941009910335,27534
house_price_index_qoq_pct_lag2q,predictor_or_engineered_predictor,float,float64,0.12119513921661161,27273
house_price_index_qoq_pct_lag4q,predictor_or_engineered_predictor,float,float64,0.1385972156677678,26739
house_price_index_qoq_pct_lag8q,predictor_or_engineered_predictor,float,float64,0.17340136857008023,25687
house_price_index_yoy_pct_lag1q,predictor_or_engineered_predictor,float,float64,0.1385972156677678,27991
house_price_index_yoy_pct_lag2q,predictor_or_engineered_predictor,float,float64,0.14729825389334592,27708
house_price_index_yoy_pct_lag4q,predictor_or_engineered_predictor,float,float64,0.16470033034450213,27152
house_price_index_yoy_pct_lag8q,predictor_or_engineered_predictor,float,float64,0.19950448324681452,26034
house_sales_volume_qoq_pct_lag1q,predictor_or_engineered_predictor,float,float64,0.1124941009910335,27082
house_sales_volume_qoq_pct_lag2q,predictor_or_engineered_predictor,float,float64,0.12119513921661161,26854
house_sales_volume_qoq_pct_lag4q,predictor_or_engineered_predictor,float,float64,0.1385972156677678,26344
house_sales_volume_qoq_pct_lag8q,predictor_or_engineered_predictor,float,float64,0.17340136857008023,25443
house_sales_volume_yoy_pct_lag1q,predictor_or_engineered_predictor,float,float64,0.1385972156677678,26653
house_sales_volume_yoy_pct_lag2q,predictor_or_engineered_predictor,float,float64,0.14729825389334592,26404
house_sales_volume_yoy_pct_lag4q,predictor_or_engineered_predictor,float,float64,0.16470033034450213,25872
house_sales_volume_yoy_pct_lag8q,predictor_or_engineered_predictor,float,float64,0.19950448324681452,24958
unemployment_count_qoq_pct_lag1q,predictor_or_engineered_predictor,float,float64,0.6329636621047664,12274
unemployment_count_qoq_pct_lag2q,predictor_or_engineered_predictor,float,float64,0.6365620575743275,12157
unemployment_count_qoq_pct_lag4q,predictor_or_engineered_predictor,float,float64,0.6437588485134498,11916
unemployment_count_qoq_pct_lag8q,predictor_or_engineered_predictor,float,float64,0.6581524303916942,11439
unemployment_count_yoy_pct_lag1q,predictor_or_engineered_predictor,float,float64,0.6437588485134498,11993
unemployment_count_yoy_pct_lag2q,predictor_or_engineered_predictor,float,float64,0.6473572439830109,11871
unemployment_count_yoy_pct_lag4q,predictor_or_engineered_predictor,float,float64,0.654554034922133,11630
unemployment_count_yoy_pct_lag8q,predictor_or_engineered_predictor,float,float64,0.6689476168003775,11150
private_rental_price_index_qoq_pct_lag1q,predictor_or_engineered_predictor,float,float64,0.6457055214723927,12012
private_rental_price_index_qoq_pct_lag2q,predictor_or_engineered_predictor,float,float64,0.6541411042944786,11726
private_rental_price_index_qoq_pct_lag4q,predictor_or_engineered_predictor,float,float64,0.6710122699386503,11154
private_rental_price_index_qoq_pct_lag8q,predictor_or_engineered_predictor,float,float64,0.7047546012269938,10010
private_rental_price_index_yoy_pct_lag1q,predictor_or_engineered_predictor,float,float64,0.6710122699386503,11154
private_rental_price_index_yoy_pct_lag2q,predictor_or_engineered_predictor,float,float64,0.6794478527607362,10868
private_rental_price_index_yoy_pct_lag4q,predictor_or_engineered_predictor,float,float64,0.696319018404908,10296
private_rental_price_index_yoy_pct_lag8q,predictor_or_engineered_predictor,float,float64,0.7300613496932515,9152
private_rental_price_monthly_change_qoq_pct_lag1q,predictor_or_engineered_predictor,float,float64,0.6457055214723927,12012
private_rental_price_monthly_change_qoq_pct_lag2q,predictor_or_engineered_predictor,float,float64,0.6541411042944786,11726
private_rental_price_monthly_change_qoq_pct_lag4q,predictor_or_engineered_predictor,float,float64,0.6710122699386503,11154
private_rental_price_monthly_change_qoq_pct_lag8q,predictor_or_engineered_predictor,float,float64,0.7047546012269938,10010
private_rental_price_monthly_change_yoy_pct_lag1q,predictor_or_engineered_predictor,float,float64,0.6710122699386503,11154
private_rental_price_monthly_change_yoy_pct_lag2q,predictor_or_engineered_predictor,float,float64,0.6794478527607362,10868
private_rental_price_monthly_change_yoy_pct_lag4q,predictor_or_engineered_predictor,float,float64,0.696319018404908,10296
private_rental_price_monthly_change_yoy_pct_lag8q,predictor_or_engineered_predictor,float,float64,0.7300613496932515,9152
private_rental_price_annual_change_qoq_pct_lag1q,predictor_or_engineered_predictor,float,float64,0.6794478527607362,10868
private_rental_price_annual_change_qoq_pct_lag2q,predictor_or_engineered_predictor,float,float64,0.6878834355828221,10582
private_rental_price_annual_change_qoq_pct_lag4q,predictor_or_engineered_predictor,float,float64,0.7047546012269938,10010
private_rental_price_annual_change_qoq_pct_lag8q,predictor_or_engineered_predictor,float,float64,0.7384969325153374,8866
private_rental_price_annual_change_yoy_pct_lag1q,predictor_or_engineered_predictor,float,float64,0.7047546012269938,10010
private_rental_price_annual_change_yoy_pct_lag2q,predictor_or_engineered_predictor,float,float64,0.7131901840490797,9724
private_rental_price_annual_change_yoy_pct_lag4q,predictor_or_engineered_predictor,float,float64,0.7300613496932515,9152
private_rental_price_annual_change_yoy_pct_lag8q,predictor_or_engineered_predictor,float,float64,0.7638036809815951,8008
average_private_rental_price_qoq_pct_lag1q,predictor_or_engineered_predictor,float,float64,0.6457055214723927,10869
average_private_rental_price_qoq_pct_lag2q,predictor_or_engineered_predictor,float,float64,0.6541411042944786,10611
average_private_rental_price_qoq_pct_lag4q,predictor_or_engineered_predictor,float,float64,0.6710122699386503,10081
average_private_rental_price_qoq_pct_lag8q,predictor_or_engineered_predictor,float,float64,0.7047546012269938,9007
average_private_rental_price_yoy_pct_lag1q,predictor_or_engineered_predictor,float,float64,0.6710122699386503,10772
average_private_rental_price_yoy_pct_lag2q,predictor_or_engineered_predictor,float,float64,0.6794478527607362,10491
average_private_rental_price_yoy_pct_lag4q,predictor_or_engineered_predictor,float,float64,0.696319018404908,9930
average_private_rental_price_yoy_pct_lag8q,predictor_or_engineered_predictor,float,float64,0.7300613496932515,8803
gbp_index_qoq_pct_lag1q,predictor_or_engineered_predictor,float,float64,0.10408801321378008,121
gbp_index_qoq_pct_lag2q,predictor_or_engineered_predictor,float,float64,0.11281854648419065,119
gbp_index_qoq_pct_lag4q,predictor_or_engineered_predictor,float,float64,0.13039759320434166,115
gbp_index_qoq_pct_lag8q,predictor_or_engineered_predictor,float,float64,0.1655556866446437,107
gbp_index_yoy_pct_lag1q,predictor_or_engineered_predictor,float,float64,0.13308164228409627,112
gbp_index_yoy_pct_lag2q,predictor_or_engineered_predictor,float,float64,0.14181217555450684,110
gbp_index_yoy_pct_lag4q,predictor_or_engineered_predictor,float,float64,0.15939122227465785,106
gbp_index_yoy_pct_lag8q,predictor_or_engineered_predictor,float,float64,0.19437234544596507,100
ftse_100_qoq_pct_lag1q,predictor_or_engineered_predictor,float,float64,0.1388921661160925,117
ftse_100_qoq_pct_lag2q,predictor_or_engineered_predictor,float,float64,0.14762269938650308,115
ftse_100_qoq_pct_lag4q,predictor_or_engineered_predictor,float,float64,0.16520174610665408,111
ftse_100_qoq_pct_lag8q,predictor_or_engineered_predictor,float,float64,0.2003598395469561,103
ftse_100_yoy_pct_lag1q,predictor_or_engineered_predictor,float,float64,0.16788579518640867,108
ftse_100_yoy_pct_lag2q,predictor_or_engineered_predictor,float,float64,0.17661632845681927,106
ftse_100_yoy_pct_lag4q,predictor_or_engineered_predictor,float,float64,0.19419537517697028,102
ftse_100_yoy_pct_lag8q,predictor_or_engineered_predictor,float,float64,0.2291764983482775,96
income_qoq_pct_lag1q,predictor_or_engineered_predictor,float,float64,0.20552147239263804,6509
income_qoq_pct_lag2q,predictor_or_engineered_predictor,float,float64,0.20552147239263804,6509
income_qoq_pct_lag4q,predictor_or_engineered_predictor,float,float64,0.20552147239263804,6509
income_qoq_pct_lag8q,predictor_or_engineered_predictor,float,float64,0.20552147239263804,6509
income_yoy_pct_lag1q,predictor_or_engineered_predictor,float,float64,0.23171307220386975,6508
income_yoy_pct_lag2q,predictor_or_engineered_predictor,float,float64,0.23171307220386975,6508
income_yoy_pct_lag4q,predictor_or_engineered_predictor,float,float64,0.23171307220386975,6508
income_yoy_pct_lag8q,predictor_or_engineered_predictor,float,float64,0.23171307220386975,6508
uk_bank_rate_qoq_pct_lag1q,predictor_or_engineered_predictor,float,float64,0.10408801321378008,57
uk_bank_rate_qoq_pct_lag2q,predictor_or_engineered_predictor,float,float64,0.11281854648419065,55
uk_bank_rate_qoq_pct_lag4q,predictor_or_engineered_predictor,float,float64,0.13039759320434166,51
uk_bank_rate_qoq_pct_lag8q,predictor_or_engineered_predictor,float,float64,0.1655556866446437,47
uk_bank_rate_yoy_pct_lag1q,predictor_or_engineered_predictor,float,float64,0.13308164228409627,67
uk_bank_rate_yoy_pct_lag2q,predictor_or_engineered_predictor,float,float64,0.14181217555450684,66
uk_bank_rate_yoy_pct_lag4q,predictor_or_engineered_predictor,float,float64,0.15939122227465785,62
uk_bank_rate_yoy_pct_lag8q,predictor_or_engineered_predictor,float,float64,0.19437234544596507,56
brent_oil_price_qoq_pct_lag1q,predictor_or_engineered_predictor,float,float64,0.10408801321378008,121
brent_oil_price_qoq_pct_lag2q,predictor_or_engineered_predictor,float,float64,0.11281854648419065,119
brent_oil_price_qoq_pct_lag4q,predictor_or_engineered_predictor,float,float64,0.13039759320434166,115
brent_oil_price_qoq_pct_lag8q,predictor_or_engineered_predictor,float,float64,0.1655556866446437,107
brent_oil_price_yoy_pct_lag1q,predictor_or_engineered_predictor,float,float64,0.13308164228409627,112
brent_oil_price_yoy_pct_lag2q,predictor_or_engineered_predictor,float,float64,0.14181217555450684,110
brent_oil_price_yoy_pct_lag4q,predictor_or_engineered_predictor,float,float64,0.15939122227465785,106
brent_oil_price_yoy_pct_lag8q,predictor_or_engineered_predictor,float,float64,0.19437234544596507,100
population_qoq_pct_lag1q,predictor_or_engineered_predictor,float,float64,0.18514039641340255,6682
population_qoq_pct_lag2q,predictor_or_engineered_predictor,float,float64,0.18514039641340255,6682
population_qoq_pct_lag4q,predictor_or_engineered_predictor,float,float64,0.18514039641340255,6682
population_qoq_pct_lag8q,predictor_or_engineered_predictor,float,float64,0.22006252949504485,6386
population_yoy_pct_lag1q,predictor_or_engineered_predictor,float,float64,0.21142048135913166,6685
population_yoy_pct_lag2q,predictor_or_engineered_predictor,float,float64,0.21142048135913166,6685
population_yoy_pct_lag4q,predictor_or_engineered_predictor,float,float64,0.21142048135913166,6685
population_yoy_pct_lag8q,predictor_or_engineered_predictor,float,float64,0.24616564417177914,6389
internal_net_migration_qoq_pct_lag1q,predictor_or_engineered_predictor,float,float64,0.21923666823973573,6314
internal_net_migration_qoq_pct_lag2q,predictor_or_engineered_predictor,float,float64,0.21923666823973573,6314
internal_net_migration_qoq_pct_lag4q,predictor_or_engineered_predictor,float,float64,0.21923666823973573,6314
internal_net_migration_qoq_pct_lag8q,predictor_or_engineered_predictor,float,float64,0.25412930627654556,6024
internal_net_migration_yoy_pct_lag1q,predictor_or_engineered_predictor,float,float64,0.24551675318546484,6317
internal_net_migration_yoy_pct_lag2q,predictor_or_engineered_predictor,float,float64,0.24551675318546484,6317
internal_net_migration_yoy_pct_lag4q,predictor_or_engineered_predictor,float,float64,0.24551675318546484,6317
internal_net_migration_yoy_pct_lag8q,predictor_or_engineered_predictor,float,float64,0.28014393581878244,6027
international_net_migration_qoq_pct_lag1q,predictor_or_engineered_predictor,float,float64,0.21970858895705522,5918
international_net_migration_qoq_pct_lag2q,predictor_or_engineered_predictor,float,float64,0.21970858895705522,5918
international_net_migration_qoq_pct_lag4q,predictor_or_engineered_predictor,float,float64,0.21970858895705522,5918
international_net_migration_qoq_pct_lag8q,predictor_or_engineered_predictor,float,float64,0.2546307220386975,5632
international_net_migration_yoy_pct_lag1q,predictor_or_engineered_predictor,float,float64,0.24598867390278434,5920
international_net_migration_yoy_pct_lag2q,predictor_or_engineered_predictor,float,float64,0.24598867390278434,5920
international_net_migration_yoy_pct_lag4q,predictor_or_engineered_predictor,float,float64,0.24598867390278434,5920
international_net_migration_yoy_pct_lag8q,predictor_or_engineered_predictor,float,float64,0.2807338367154318,5634
cpi_00_all_items_qoq_pct_lag1q,predictor_or_engineered_predictor,float,float64,0.10408801321378008,119
cpi_00_all_items_qoq_pct_lag2q,predictor_or_engineered_predictor,float,float64,0.11281854648419065,117
cpi_00_all_items_qoq_pct_lag4q,predictor_or_engineered_predictor,float,float64,0.13039759320434166,113
cpi_00_all_items_qoq_pct_lag8q,predictor_or_engineered_predictor,float,float64,0.1655556866446437,105
cpi_00_all_items_yoy_pct_lag1q,predictor_or_engineered_predictor,float,float64,0.13308164228409627,112
cpi_00_all_items_yoy_pct_lag2q,predictor_or_engineered_predictor,float,float64,0.14181217555450684,110
cpi_00_all_items_yoy_pct_lag4q,predictor_or_engineered_predictor,float,float64,0.15939122227465785,106
cpi_00_all_items_yoy_pct_lag8q,predictor_or_engineered_predictor,float,float64,0.19437234544596507,100
real_income_cpi_adjusted_qoq_pct_lag1q,predictor_or_engineered_predictor,float,float64,0.2126002831524304,6755
real_income_cpi_adjusted_qoq_pct_lag2q,predictor_or_engineered_predictor,float,float64,0.2126002831524304,6755
real_income_cpi_adjusted_qoq_pct_lag4q,predictor_or_engineered_predictor,float,float64,0.2126002831524304,6755
real_income_cpi_adjusted_qoq_pct_lag8q,predictor_or_engineered_predictor,float,float64,0.2126002831524304,6755
real_income_cpi_adjusted_yoy_pct_lag1q,predictor_or_engineered_predictor,float,float64,0.2387918829636621,25808
real_income_cpi_adjusted_yoy_pct_lag2q,predictor_or_engineered_predictor,float,float64,0.2387918829636621,25808
real_income_cpi_adjusted_yoy_pct_lag4q,predictor_or_engineered_predictor,float,float64,0.2387918829636621,25808
real_income_cpi_adjusted_yoy_pct_lag8q,predictor_or_engineered_predictor,float,float64,0.2387918829636621,25808
real_house_price_cpi_adjusted_qoq_pct_lag1q,predictor_or_engineered_predictor,float,float64,0.1124941009910335,30090
real_house_price_cpi_adjusted_qoq_pct_lag2q,predictor_or_engineered_predictor,float,float64,0.12119513921661161,29795
real_house_price_cpi_adjusted_qoq_pct_lag4q,predictor_or_engineered_predictor,float,float64,0.1385972156677678,29205
real_house_price_cpi_adjusted_qoq_pct_lag8q,predictor_or_engineered_predictor,float,float64,0.17340136857008023,28025
real_house_price_cpi_adjusted_yoy_pct_lag1q,predictor_or_engineered_predictor,float,float64,0.1385972156677678,29205
real_house_price_cpi_adjusted_yoy_pct_lag2q,predictor_or_engineered_predictor,float,float64,0.14729825389334592,28910
real_house_price_cpi_adjusted_yoy_pct_lag4q,predictor_or_engineered_predictor,float,float64,0.16470033034450213,28320
real_house_price_cpi_adjusted_yoy_pct_lag8q,predictor_or_engineered_predictor,float,float64,0.19950448324681452,27140
house_price_to_income_qoq_pct_lag1q,predictor_or_engineered_predictor,float,float64,0.21357361963190183,26663
house_price_to_income_qoq_pct_lag2q,predictor_or_engineered_predictor,float,float64,0.21357361963190183,26663
house_price_to_income_qoq_pct_lag4q,predictor_or_engineered_predictor,float,float64,0.21357361963190183,26663
house_price_to_income_qoq_pct_lag8q,predictor_or_engineered_predictor,float,float64,0.21357361963190183,26663
house_price_to_income_yoy_pct_lag1q,predictor_or_engineered_predictor,float,float64,0.23949976403964135,25784
house_price_to_income_yoy_pct_lag2q,predictor_or_engineered_predictor,float,float64,0.23949976403964135,25784
house_price_to_income_yoy_pct_lag4q,predictor_or_engineered_predictor,float,float64,0.23949976403964135,25784
house_price_to_income_yoy_pct_lag8q,predictor_or_engineered_predictor,float,float64,0.23949976403964135,25784
annual_rent_to_income_qoq_pct_lag1q,predictor_or_engineered_predictor,float,float64,0.7403256252949505,8347
annual_rent_to_income_qoq_pct_lag2q,predictor_or_engineered_predictor,float,float64,0.7403256252949505,8347
annual_rent_to_income_qoq_pct_lag4q,predictor_or_engineered_predictor,float,float64,0.7403256252949505,8347
annual_rent_to_income_qoq_pct_lag8q,predictor_or_engineered_predictor,float,float64,0.7403256252949505,8347
annual_rent_to_income_yoy_pct_lag1q,predictor_or_engineered_predictor,float,float64,0.7654554034922133,7948
annual_rent_to_income_yoy_pct_lag2q,predictor_or_engineered_predictor,float,float64,0.7654554034922133,7948
annual_rent_to_income_yoy_pct_lag4q,predictor_or_engineered_predictor,float,float64,0.7654554034922133,7948
annual_rent_to_income_yoy_pct_lag8q,predictor_or_engineered_predictor,float,float64,0.7654554034922133,7948
unemployment_per_1000_qoq_pct_lag1q,predictor_or_engineered_predictor,float,float64,0.6754365266635205,10932
unemployment_per_1000_qoq_pct_lag2q,predictor_or_engineered_predictor,float,float64,0.6754365266635205,10932
unemployment_per_1000_qoq_pct_lag4q,predictor_or_engineered_predictor,float,float64,0.6754365266635205,10932
unemployment_per_1000_qoq_pct_lag8q,predictor_or_engineered_predictor,float,float64,0.6895941481831053,10456
unemployment_per_1000_yoy_pct_lag1q,predictor_or_engineered_predictor,float,float64,0.6860547428032091,10643
unemployment_per_1000_yoy_pct_lag2q,predictor_or_engineered_predictor,float,float64,0.6860547428032091,10643
unemployment_per_1000_yoy_pct_lag4q,predictor_or_engineered_predictor,float,float64,0.6860547428032091,10643
unemployment_per_1000_yoy_pct_lag8q,predictor_or_engineered_predictor,float,float64,0.7002123643227938,10163
log1p_homelessness_total,target_history_or_auxiliary,float_target_or_target_derived,float64,0.4889983482774894,1060
homelessness_total_assessments_lag1q,target_history_or_auxiliary,float,float64,0.4889983482774894,1060
log1p_homelessness_total_assessments_lag1q,target_history_or_auxiliary,float,float64,0.4889983482774894,1060
computed_homelessness_rate_per_1000_lag1q,target_history_or_auxiliary,float,float64,0.522239263803681,15620
log1p_computed_homelessness_rate_per_1000_lag1q,target_history_or_auxiliary,float,float64,0.522239263803681,15620
homelessness_per_1000_lag1q,target_history_or_auxiliary,float,float64,0.659273242095328,7428
homelessness_relief_lag1q,target_history_or_auxiliary,float,float64,0.7823265691363851,646
log1p_homelessness_relief_lag1q,target_history_or_auxiliary,float,float64,0.7823265691363851,646
homelessness_total_assessments_lag2q,target_history_or_auxiliary,float,float64,0.4975814063237376,1052
log1p_homelessness_total_assessments_lag2q,target_history_or_auxiliary,float,float64,0.4975814063237376,1052
computed_homelessness_rate_per_1000_lag2q,target_history_or_auxiliary,float,float64,0.522239263803681,15620
log1p_computed_homelessness_rate_per_1000_lag2q,target_history_or_auxiliary,float,float64,0.522239263803681,15620
homelessness_per_1000_lag2q,target_history_or_auxiliary,float,float64,0.6678563001415763,7152
homelessness_relief_lag2q,target_history_or_auxiliary,float,float64,0.7909096271826334,638
log1p_homelessness_relief_lag2q,target_history_or_auxiliary,float,float64,0.7909096271826334,638
homelessness_total_assessments_lag4q,target_history_or_auxiliary,float,float64,0.5149834827748938,1026
log1p_homelessness_total_assessments_lag4q,target_history_or_auxiliary,float,float64,0.5149834827748938,1026
computed_homelessness_rate_per_1000_lag4q,target_history_or_auxiliary,float,float64,0.522239263803681,15620
log1p_computed_homelessness_rate_per_1000_lag4q,target_history_or_auxiliary,float,float64,0.522239263803681,15620
homelessness_per_1000_lag4q,target_history_or_auxiliary,float,float64,0.6852583765927324,6569
homelessness_relief_lag4q,target_history_or_auxiliary,float,float64,0.8083117036337896,614
log1p_homelessness_relief_lag4q,target_history_or_auxiliary,float,float64,0.8083117036337896,614
homelessness_total_assessments_lag8q,target_history_or_auxiliary,float,float64,0.5492272298253893,956
log1p_homelessness_total_assessments_lag8q,target_history_or_auxiliary,float,float64,0.5492272298253893,956
computed_homelessness_rate_per_1000_lag8q,target_history_or_auxiliary,float,float64,0.5564830108541765,14485
log1p_computed_homelessness_rate_per_1000_lag8q,target_history_or_auxiliary,float,float64,0.5564830108541765,14485
homelessness_per_1000_lag8q,target_history_or_auxiliary,float,float64,0.719502123643228,5429
homelessness_relief_lag8q,target_history_or_auxiliary,float,float64,0.8425554506842851,561
log1p_homelessness_relief_lag8q,target_history_or_auxiliary,float,float64,0.8425554506842851,561
homelessness_total_assessments_rolling4_mean_lag1q,target_history_or_auxiliary,float,float64,0.4820375176970269,3231
homelessness_total_assessments_rolling4_std_lag1q,target_history_or_auxiliary,float,float64,0.4820375176970269,11845
homelessness_total_assessments_rolling8_mean_lag1q,target_history_or_auxiliary,float,float64,0.4413048607833884,6148
homelessness_total_assessments_rolling8_std_lag1q,target_history_or_auxiliary,float,float64,0.4413048607833884,16883
target_log_growth_lag1q,target_history_or_auxiliary,float,float64,0.5143345917885795,8670
target_log_growth_lag4q,target_history_or_auxiliary,float,float64,0.5679860783388391,8332
quarter_sin,predictor_or_engineered_predictor,float,float32,0.0,4
quarter_cos,predictor_or_engineered_predictor,float,float32,0.0,4
post_covid_2020plus,predictor_or_engineered_predictor,int,int8,0.0,2
cost_of_living_shock_2022plus,predictor_or_engineered_predictor,int,int8,0.0,2
