year,quarter,lad_code,hpi
2018,Q1,E06000001,77.61666666666666
2018,Q1,E06000002,76.64166666666667
2018,Q1,E06000003,76.50833333333334
2018,Q1,E06000004,81.14999999999999
2018,Q1,E06000005,81.39166666666667
2018,Q1,E06000006,71.95
2018,Q1,E06000007,74.26666666666667
2018,Q1,E06000008,77.0
2018,Q1,E06000009,76.39166666666667
2018,Q1,E06000010,80.675
2018,Q1,E06000011,78.97500000000001
2018,Q1,E06000012,78.70833333333333
2018,Q1,E06000013,77.51666666666667
2018,Q1,E06000014,78.79166666666667
2018,Q1,E06000015,76.40833333333333
2018,Q1,E06000016,71.89999999999999
2018,Q1,E06000017,80.31666666666666
2018,Q1,E06000018,71.34166666666667
2018,Q1,E06000020,72.25
2018,Q1,E06000021,76.46666666666667
2018,Q1,E06000022,81.10833333333333
2018,Q1,E06000023,78.925
2018,Q1,E06000024,79.30833333333334
2018,Q1,E06000025,79.10000000000001
2018,Q1,E06000026,78.0
2018,Q1,E06000027,74.04166666666667
2018,Q1,E06000030,82.175
2018,Q1,E06000031,78.0
2018,Q1,E06000032,85.63333333333333
2018,Q1,E06000033,83.125
2018,Q1,E06000034,82.11666666666666
2018,Q1,E06000035,81.04166666666667
2018,Q1,E06000036,88.08333333333333
2018,Q1,E06000037,85.25
2018,Q1,E06000038,87.50833333333333
2018,Q1,E06000039,91.80833333333334
2018,Q1,E06000040,87.70833333333333
2018,Q1,E06000041,85.575
2018,Q1,E06000042,83.75833333333333
2018,Q1,E06000043,79.97500000000001
2018,Q1,E06000044,80.98333333333333
2018,Q1,E06000045,82.85000000000001
2018,Q1,E06000046,72.43333333333334
2018,Q1,E06000047,77.325
2018,Q1,E06000049,78.04166666666667
2018,Q1,E06000050,75.2
2018,Q1,E06000051,76.95
2018,Q1,E06000052,74.075
2018,Q1,E06000054,83.38333333333334
2018,Q1,E06000055,85.13333333333334
2018,Q1,E06000056,87.04166666666667
2018,Q1,E06000057,79.90833333333333
2018,Q1,E06000058,80.925
2018,Q1,E06000059,80.8
2018,Q1,E06000060,89.25833333333333
2018,Q1,E06000061,78.5
2018,Q1,E06000062,83.21666666666667
2018,Q1,E06000063,83.35000000000001
2018,Q1,E06000064,82.58333333333333
2018,Q1,E06000065,80.5
2018,Q1,E06000066,78.30833333333334
2018,Q1,E07000008,91.56666666666666
2018,Q1,E07000009,87.14999999999999
2018,Q1,E07000010,77.98333333333333
2018,Q1,E07000011,83.20833333333333
2018,Q1,E07000012,89.70833333333333
2018,Q1,E07000032,73.85833333333333
2018,Q1,E07000033,71.27499999999999
2018,Q1,E07000034,79.00833333333334
2018,Q1,E07000035,75.43333333333334
2018,Q1,E07000036,74.95833333333333
2018,Q1,E07000037,73.425
2018,Q1,E07000038,75.94166666666666
2018,Q1,E07000039,79.325
2018,Q1,E07000040,82.79166666666667
2018,Q1,E07000041,78.825
2018,Q1,E07000042,76.125
2018,Q1,E07000043,74.05833333333334
2018,Q1,E07000044,77.71666666666667
2018,Q1,E07000045,77.13333333333334
2018,Q1,E07000046,69.94166666666666
2018,Q1,E07000047,78.78333333333333
2018,Q1,E07000061,75.71666666666667
2018,Q1,E07000062,75.14999999999999
2018,Q1,E07000063,82.52499999999999
2018,Q1,E07000064,76.55833333333334
2018,Q1,E07000065,82.05833333333334
2018,Q1,E07000066,82.10000000000001
2018,Q1,E07000067,86.68333333333334
2018,Q1,E07000068,90.825
2018,Q1,E07000069,80.83333333333333
2018,Q1,E07000070,84.20833333333333
2018,Q1,E07000071,83.45833333333333
2018,Q1,E07000072,88.59166666666665
2018,Q1,E07000073,85.99166666666667
2018,Q1,E07000074,83.70833333333333
2018,Q1,E07000075,84.15833333333333
2018,Q1,E07000076,80.27499999999999
2018,Q1,E07000077,87.74166666666667
2018,Q1,E07000078,80.38333333333334
2018,Q1,E07000079,72.8
2018,Q1,E07000080,76.84166666666667
2018,Q1,E07000081,76.85833333333333
2018,Q1,E07000082,83.95833333333333
2018,Q1,E07000083,80.19166666666666
2018,Q1,E07000084,85.80833333333334
2018,Q1,E07000085,84.09166666666667
2018,Q1,E07000086,83.375
2018,Q1,E07000087,80.35833333333333
2018,Q1,E07000088,78.7
2018,Q1,E07000089,84.45833333333333
2018,Q1,E07000090,80.55833333333334
2018,Q1,E07000091,82.35000000000001
2018,Q1,E07000092,86.73333333333333
2018,Q1,E07000093,80.72500000000001
2018,Q1,E07000094,88.90833333333335
2018,Q1,E07000095,88.13333333333333
2018,Q1,E07000096,86.49166666666667
2018,Q1,E07000098,88.65833333333335
2018,Q1,E07000099,92.19166666666666
2018,Q1,E07000102,91.10000000000001
2018,Q1,E07000103,86.48333333333333
2018,Q1,E07000105,82.72500000000001
2018,Q1,E07000106,84.25
2018,Q1,E07000107,86.2
2018,Q1,E07000108,80.77499999999999
2018,Q1,E07000109,82.03333333333333
2018,Q1,E07000110,87.83333333333333
2018,Q1,E07000111,83.14999999999999
2018,Q1,E07000113,82.03333333333333
2018,Q1,E07000114,75.05833333333334
2018,Q1,E07000115,82.50833333333334
2018,Q1,E07000116,85.43333333333334
2018,Q1,E07000117,69.64166666666667
2018,Q1,E07000118,76.71666666666667
2018,Q1,E07000119,79.0
2018,Q1,E07000120,73.39166666666667
2018,Q1,E07000121,74.71666666666667
2018,Q1,E07000122,70.125
2018,Q1,E07000123,80.63333333333334
2018,Q1,E07000124,83.28333333333333
2018,Q1,E07000125,67.79166666666667
2018,Q1,E07000126,80.98333333333333
2018,Q1,E07000127,83.77499999999999
2018,Q1,E07000128,77.75833333333334
2018,Q1,E07000129,77.425
2018,Q1,E07000130,76.18333333333334
2018,Q1,E07000131,80.83333333333333
2018,Q1,E07000132,75.575
2018,Q1,E07000133,81.68333333333334
2018,Q1,E07000134,78.68333333333334
2018,Q1,E07000135,77.95
2018,Q1,E07000136,79.14999999999999
2018,Q1,E07000137,74.75
2018,Q1,E07000138,80.21666666666667
2018,Q1,E07000139,77.66666666666667
2018,Q1,E07000140,78.45833333333333
2018,Q1,E07000141,79.13333333333334
2018,Q1,E07000142,76.88333333333334
2018,Q1,E07000143,78.875
2018,Q1,E07000144,78.84166666666667
2018,Q1,E07000145,74.60833333333333
2018,Q1,E07000146,76.14999999999999
2018,Q1,E07000147,80.35833333333333
2018,Q1,E07000148,80.2
2018,Q1,E07000149,78.60833333333333
2018,Q1,E07000170,72.08333333333333
2018,Q1,E07000171,78.94166666666666
2018,Q1,E07000172,72.65833333333333
2018,Q1,E07000173,72.65833333333333
2018,Q1,E07000174,70.75833333333334
2018,Q1,E07000175,78.44166666666666
2018,Q1,E07000176,78.65833333333333
2018,Q1,E07000177,85.375
2018,Q1,E07000178,91.88333333333333
2018,Q1,E07000179,84.88333333333334
2018,Q1,E07000180,86.91666666666667
2018,Q1,E07000181,86.60833333333333
2018,Q1,E07000192,71.68333333333334
2018,Q1,E07000193,80.075
2018,Q1,E07000194,78.74166666666666
2018,Q1,E07000195,75.40833333333333
2018,Q1,E07000196,78.06666666666666
2018,Q1,E07000197,79.3
2018,Q1,E07000198,76.09166666666667
2018,Q1,E07000199,78.60833333333333
2018,Q1,E07000200,86.7
2018,Q1,E07000202,82.325
2018,Q1,E07000203,84.03333333333333
2018,Q1,E07000207,83.02499999999999
2018,Q1,E07000208,84.84166666666667
2018,Q1,E07000209,87.35000000000001
2018,Q1,E07000210,88.41666666666667
2018,Q1,E07000211,87.34166666666665
2018,Q1,E07000212,83.0
2018,Q1,E07000213,87.40833333333335
2018,Q1,E07000214,84.81666666666666
2018,Q1,E07000215,87.125
2018,Q1,E07000216,85.85000000000001
2018,Q1,E07000217,87.825
2018,Q1,E07000218,82.35000000000001
2018,Q1,E07000219,77.73333333333333
2018,Q1,E07000220,80.3
2018,Q1,E07000221,85.72500000000001
2018,Q1,E07000222,86.83333333333333
2018,Q1,E07000223,84.11666666666666
2018,Q1,E07000224,81.31666666666666
2018,Q1,E07000225,87.675
2018,Q1,E07000226,87.18333333333334
2018,Q1,E07000227,88.68333333333334
2018,Q1,E07000228,85.75833333333334
2018,Q1,E07000229,80.02499999999999
2018,Q1,E07000234,80.03333333333333
2018,Q1,E07000235,78.45
2018,Q1,E07000236,78.38333333333334
2018,Q1,E07000237,80.52499999999999
2018,Q1,E07000238,80.73333333333333
2018,Q1,E07000239,76.68333333333334
2018,Q1,E07000240,89.53333333333335
2018,Q1,E07000241,88.58333333333333
2018,Q1,E07000242,91.60833333333333
2018,Q1,E07000243,83.925
2018,Q1,E07000244,78.59166666666667
2018,Q1,E07000245,81.30833333333334
2018,Q1,E08000001,69.81666666666666
2018,Q1,E08000002,70.56666666666668
2018,Q1,E08000003,72.58333333333333
2018,Q1,E08000004,68.39166666666667
2018,Q1,E08000005,67.90833333333333
2018,Q1,E08000006,68.15833333333333
2018,Q1,E08000007,74.925
2018,Q1,E08000008,69.60833333333333
2018,Q1,E08000009,76.875
2018,Q1,E08000010,69.20833333333333
2018,Q1,E08000011,71.64999999999999
2018,Q1,E08000012,73.63333333333334
2018,Q1,E08000014,75.94166666666666
2018,Q1,E08000015,75.83333333333333
2018,Q1,E08000017,72.8
2018,Q1,E08000018,72.77499999999999
2018,Q1,E08000021,85.0
2018,Q1,E08000022,78.73333333333333
2018,Q1,E08000023,80.46666666666667
2018,Q1,E08000024,81.05833333333334
2018,Q1,E08000025,76.29166666666667
2018,Q1,E08000026,81.74166666666666
2018,Q1,E08000027,73.26666666666667
2018,Q1,E08000028,72.14166666666667
2018,Q1,E08000029,79.66666666666667
2018,Q1,E08000030,77.175
2018,Q1,E08000031,71.575
2018,Q1,E08000032,76.85000000000001
2018,Q1,E08000033,77.04166666666667
2018,Q1,E08000034,75.70833333333333
2018,Q1,E08000035,77.06666666666666
2018,Q1,E08000036,73.13333333333334
2018,Q1,E08000037,83.875
2018,Q1,E08000038,74.39166666666667
2018,Q1,E08000039,73.97500000000001
2018,Q1,E09000001,88.79166666666667
2018,Q1,E09000002,86.08333333333333
2018,Q1,E09000003,88.43333333333334
2018,Q1,E09000004,82.52499999999999
2018,Q1,E09000005,94.13333333333333
2018,Q1,E09000006,85.59166666666665
2018,Q1,E09000007,96.88333333333334
2018,Q1,E09000008,87.25833333333333
2018,Q1,E09000009,86.75
2018,Q1,E09000010,88.075
2018,Q1,E09000011,86.98333333333333
2018,Q1,E09000012,92.16666666666667
2018,Q1,E09000013,89.05
2018,Q1,E09000014,92.875
2018,Q1,E09000015,87.97500000000001
2018,Q1,E09000016,86.18333333333334
2018,Q1,E09000017,88.175
2018,Q1,E09000018,83.99166666666666
2018,Q1,E09000019,96.29166666666667
2018,Q1,E09000020,100.11666666666667
2018,Q1,E09000021,87.825
2018,Q1,E09000022,94.34166666666665
2018,Q1,E09000023,91.35000000000001
2018,Q1,E09000024,89.85000000000001
2018,Q1,E09000025,88.425
2018,Q1,E09000026,86.74166666666667
2018,Q1,E09000027,88.56666666666666
2018,Q1,E09000028,97.77499999999999
2018,Q1,E09000029,84.05
2018,Q1,E09000030,94.74166666666667
2018,Q1,E09000031,89.01666666666667
2018,Q1,E09000032,93.96666666666665
2018,Q1,E09000033,88.51666666666667
2019,Q1,E06000001,78.60000000000001
2019,Q1,E06000002,77.99166666666666
2019,Q1,E06000003,76.175
2019,Q1,E06000004,81.5
2019,Q1,E06000005,81.54166666666667
2019,Q1,E06000006,75.01666666666667
2019,Q1,E06000007,75.97500000000001
2019,Q1,E06000008,79.38333333333334
2019,Q1,E06000009,77.04166666666667
2019,Q1,E06000010,81.86666666666666
2019,Q1,E06000011,80.54166666666667
2019,Q1,E06000012,80.29166666666667
2019,Q1,E06000013,79.21666666666667
2019,Q1,E06000014,80.79166666666667
2019,Q1,E06000015,78.20833333333333
2019,Q1,E06000016,74.10833333333333
2019,Q1,E06000017,81.88333333333334
2019,Q1,E06000018,73.2
2019,Q1,E06000020,74.53333333333333
2019,Q1,E06000021,78.64166666666667
2019,Q1,E06000022,79.89999999999999
2019,Q1,E06000023,79.54166666666667
2019,Q1,E06000024,80.35000000000001
2019,Q1,E06000025,80.23333333333333
2019,Q1,E06000026,78.63333333333334
2019,Q1,E06000027,73.76666666666667
2019,Q1,E06000030,81.175
2019,Q1,E06000031,79.65833333333333
2019,Q1,E06000032,83.49166666666666
2019,Q1,E06000033,83.85833333333333
2019,Q1,E06000034,81.69166666666666
2019,Q1,E06000035,80.09166666666667
2019,Q1,E06000036,85.21666666666667
2019,Q1,E06000037,84.63333333333334
2019,Q1,E06000038,84.675
2019,Q1,E06000039,88.85833333333333
2019,Q1,E06000040,84.31666666666666
2019,Q1,E06000041,83.3
2019,Q1,E06000042,81.50833333333334
2019,Q1,E06000043,80.375
2019,Q1,E06000044,80.76666666666667
2019,Q1,E06000045,82.13333333333333
2019,Q1,E06000046,75.14999999999999
2019,Q1,E06000047,77.18333333333334
2019,Q1,E06000049,79.70833333333333
2019,Q1,E06000050,76.86666666666666
2019,Q1,E06000051,78.39999999999999
2019,Q1,E06000052,75.34166666666667
2019,Q1,E06000054,82.41666666666667
2019,Q1,E06000055,84.33333333333333
2019,Q1,E06000056,85.125
2019,Q1,E06000057,78.45833333333333
2019,Q1,E06000058,80.95833333333333
2019,Q1,E06000059,80.45833333333333
2019,Q1,E06000060,88.23333333333333
2019,Q1,E06000061,79.35833333333333
2019,Q1,E06000062,82.58333333333333
2019,Q1,E06000063,83.2
2019,Q1,E06000064,84.70833333333333
2019,Q1,E06000065,81.14999999999999
2019,Q1,E06000066,79.26666666666667
2019,Q1,E07000008,90.19166666666666
2019,Q1,E07000009,88.03333333333335
2019,Q1,E07000010,78.41666666666667
2019,Q1,E07000011,83.41666666666667
2019,Q1,E07000012,88.16666666666667
2019,Q1,E07000032,76.01666666666667
2019,Q1,E07000033,72.90833333333333
2019,Q1,E07000034,80.21666666666667
2019,Q1,E07000035,77.75
2019,Q1,E07000036,76.77499999999999
2019,Q1,E07000037,75.325
2019,Q1,E07000038,78.04166666666667
2019,Q1,E07000039,80.175
2019,Q1,E07000040,84.41666666666667
2019,Q1,E07000041,79.925
2019,Q1,E07000042,76.30833333333334
2019,Q1,E07000043,79.99166666666666
2019,Q1,E07000044,79.63333333333334
2019,Q1,E07000045,77.575
2019,Q1,E07000046,71.96666666666667
2019,Q1,E07000047,81.47500000000001
2019,Q1,E07000061,76.65833333333333
2019,Q1,E07000062,76.84166666666667
2019,Q1,E07000063,82.70833333333333
2019,Q1,E07000064,77.89999999999999
2019,Q1,E07000065,82.28333333333333
2019,Q1,E07000066,81.19166666666666
2019,Q1,E07000067,85.54166666666667
2019,Q1,E07000068,90.575
2019,Q1,E07000069,81.04166666666667
2019,Q1,E07000070,85.75
2019,Q1,E07000071,82.90833333333333
2019,Q1,E07000072,87.64999999999999
2019,Q1,E07000073,85.575
2019,Q1,E07000074,84.13333333333334
2019,Q1,E07000075,87.05833333333334
2019,Q1,E07000076,79.52499999999999
2019,Q1,E07000077,85.86666666666667
2019,Q1,E07000078,80.00833333333334
2019,Q1,E07000079,75.71666666666667
2019,Q1,E07000080,79.13333333333334
2019,Q1,E07000081,78.8
2019,Q1,E07000082,85.19166666666666
2019,Q1,E07000083,80.75833333333334
2019,Q1,E07000084,84.33333333333333
2019,Q1,E07000085,82.73333333333333
2019,Q1,E07000086,84.10833333333333
2019,Q1,E07000087,80.80833333333334
2019,Q1,E07000088,79.45833333333333
2019,Q1,E07000089,84.675
2019,Q1,E07000090,80.14166666666667
2019,Q1,E07000091,80.75
2019,Q1,E07000092,85.35833333333333
2019,Q1,E07000093,80.84166666666667
2019,Q1,E07000094,87.16666666666667
2019,Q1,E07000095,88.325
2019,Q1,E07000096,85.10000000000001
2019,Q1,E07000098,87.95
2019,Q1,E07000099,88.55
2019,Q1,E07000102,89.84166666666665
2019,Q1,E07000103,84.54166666666667
2019,Q1,E07000105,83.61666666666666
2019,Q1,E07000106,84.89166666666667
2019,Q1,E07000107,86.54166666666667
2019,Q1,E07000108,82.01666666666667
2019,Q1,E07000109,81.14999999999999
2019,Q1,E07000110,85.45833333333333
2019,Q1,E07000111,83.25
2019,Q1,E07000113,81.99166666666666
2019,Q1,E07000114,75.03333333333333
2019,Q1,E07000115,83.75
2019,Q1,E07000116,83.925
2019,Q1,E07000117,72.80833333333334
2019,Q1,E07000118,79.225
2019,Q1,E07000119,79.21666666666667
2019,Q1,E07000120,75.00833333333334
2019,Q1,E07000121,76.59166666666667
2019,Q1,E07000122,70.05833333333334
2019,Q1,E07000123,80.79166666666667
2019,Q1,E07000124,82.04166666666667
2019,Q1,E07000125,70.23333333333333
2019,Q1,E07000126,81.26666666666667
2019,Q1,E07000127,84.44166666666666
2019,Q1,E07000128,77.7
2019,Q1,E07000129,79.06666666666666
2019,Q1,E07000130,78.64999999999999
2019,Q1,E07000131,84.74166666666666
2019,Q1,E07000132,77.22500000000001
2019,Q1,E07000133,82.75833333333334
2019,Q1,E07000134,80.52499999999999
2019,Q1,E07000135,79.76666666666667
2019,Q1,E07000136,80.90833333333333
2019,Q1,E07000137,77.59166666666667
2019,Q1,E07000138,82.78333333333333
2019,Q1,E07000139,79.5
2019,Q1,E07000140,79.2
2019,Q1,E07000141,79.75833333333334
2019,Q1,E07000142,77.30833333333334
2019,Q1,E07000143,78.3
2019,Q1,E07000144,80.3
2019,Q1,E07000145,77.59166666666667
2019,Q1,E07000146,77.43333333333334
2019,Q1,E07000147,81.225
2019,Q1,E07000148,81.0
2019,Q1,E07000149,79.53333333333333
2019,Q1,E07000170,74.11666666666666
2019,Q1,E07000171,80.64999999999999
2019,Q1,E07000172,74.06666666666668
2019,Q1,E07000173,74.66666666666667
2019,Q1,E07000174,74.075
2019,Q1,E07000175,78.90833333333333
2019,Q1,E07000176,80.43333333333334
2019,Q1,E07000177,81.55
2019,Q1,E07000178,91.85833333333333
2019,Q1,E07000179,85.53333333333335
2019,Q1,E07000180,87.53333333333335
2019,Q1,E07000181,84.35833333333333
2019,Q1,E07000192,74.27499999999999
2019,Q1,E07000193,80.3
2019,Q1,E07000194,78.24166666666666
2019,Q1,E07000195,77.73333333333333
2019,Q1,E07000196,79.3
2019,Q1,E07000197,81.71666666666665
2019,Q1,E07000198,80.19166666666668
2019,Q1,E07000199,80.35000000000001
2019,Q1,E07000200,86.86666666666667
2019,Q1,E07000202,82.14999999999999
2019,Q1,E07000203,84.11666666666666
2019,Q1,E07000207,83.98333333333333
2019,Q1,E07000208,82.86666666666666
2019,Q1,E07000209,87.71666666666665
2019,Q1,E07000210,85.40833333333335
2019,Q1,E07000211,86.01666666666667
2019,Q1,E07000212,82.625
2019,Q1,E07000213,86.16666666666667
2019,Q1,E07000214,84.54166666666667
2019,Q1,E07000215,84.01666666666667
2019,Q1,E07000216,83.55833333333334
2019,Q1,E07000217,87.75
2019,Q1,E07000218,83.56666666666666
2019,Q1,E07000219,79.325
2019,Q1,E07000220,80.39999999999999
2019,Q1,E07000221,85.73333333333333
2019,Q1,E07000222,87.31666666666666
2019,Q1,E07000223,83.53333333333333
2019,Q1,E07000224,80.58333333333333
2019,Q1,E07000225,85.78333333333335
2019,Q1,E07000226,86.60833333333333
2019,Q1,E07000227,87.25833333333333
2019,Q1,E07000228,85.21666666666665
2019,Q1,E07000229,80.84166666666667
2019,Q1,E07000234,83.05833333333334
2019,Q1,E07000235,80.18333333333334
2019,Q1,E07000236,80.29166666666667
2019,Q1,E07000237,80.7
2019,Q1,E07000238,80.75
2019,Q1,E07000239,79.09166666666667
2019,Q1,E07000240,86.70833333333333
2019,Q1,E07000241,88.40833333333335
2019,Q1,E07000242,90.05
2019,Q1,E07000243,83.58333333333333
2019,Q1,E07000244,79.02499999999999
2019,Q1,E07000245,82.96666666666665
2019,Q1,E08000001,72.34166666666667
2019,Q1,E08000002,74.45
2019,Q1,E08000003,75.08333333333333
2019,Q1,E08000004,71.50833333333334
2019,Q1,E08000005,71.90833333333333
2019,Q1,E08000006,70.33333333333333
2019,Q1,E08000007,77.34166666666667
2019,Q1,E08000008,72.85000000000001
2019,Q1,E08000009,79.77499999999999
2019,Q1,E08000010,71.29166666666667
2019,Q1,E08000011,73.46666666666667
2019,Q1,E08000012,75.26666666666667
2019,Q1,E08000014,78.77499999999999
2019,Q1,E08000015,77.04166666666667
2019,Q1,E08000017,75.53333333333333
2019,Q1,E08000018,75.075
2019,Q1,E08000021,84.98333333333333
2019,Q1,E08000022,79.375
2019,Q1,E08000023,82.91666666666667
2019,Q1,E08000024,81.64166666666667
2019,Q1,E08000025,78.53333333333333
2019,Q1,E08000026,83.05833333333334
2019,Q1,E08000027,76.375
2019,Q1,E08000028,74.625
2019,Q1,E08000029,80.51666666666667
2019,Q1,E08000030,79.11666666666666
2019,Q1,E08000031,74.44166666666666
2019,Q1,E08000032,77.63333333333334
2019,Q1,E08000033,79.73333333333333
2019,Q1,E08000034,76.95
2019,Q1,E08000035,79.08333333333333
2019,Q1,E08000036,75.325
2019,Q1,E08000037,84.02499999999999
2019,Q1,E08000038,77.11666666666666
2019,Q1,E08000039,75.66666666666667
2019,Q1,E09000001,90.08333333333333
2019,Q1,E09000002,86.97500000000001
2019,Q1,E09000003,86.48333333333333
2019,Q1,E09000004,81.13333333333334
2019,Q1,E09000005,90.63333333333333
2019,Q1,E09000006,84.21666666666667
2019,Q1,E09000007,97.54166666666667
2019,Q1,E09000008,86.23333333333333
2019,Q1,E09000009,85.30833333333334
2019,Q1,E09000010,87.16666666666667
2019,Q1,E09000011,88.09166666666665
2019,Q1,E09000012,93.89999999999999
2019,Q1,E09000013,88.075
2019,Q1,E09000014,91.98333333333333
2019,Q1,E09000015,84.85833333333333
2019,Q1,E09000016,84.86666666666666
2019,Q1,E09000017,86.94166666666666
2019,Q1,E09000018,85.08333333333333
2019,Q1,E09000019,93.91666666666667
2019,Q1,E09000020,90.75
2019,Q1,E09000021,85.97500000000001
2019,Q1,E09000022,93.65833333333335
2019,Q1,E09000023,90.71666666666665
2019,Q1,E09000024,88.47500000000001
2019,Q1,E09000025,89.59166666666665
2019,Q1,E09000026,84.425
2019,Q1,E09000027,88.08333333333333
2019,Q1,E09000028,96.74166666666667
2019,Q1,E09000029,82.33333333333333
2019,Q1,E09000030,93.075
2019,Q1,E09000031,86.94166666666666
2019,Q1,E09000032,92.58333333333333
2019,Q1,E09000033,82.7
2020,Q1,E06000001,78.10000000000001
2020,Q1,E06000002,77.7
2020,Q1,E06000003,78.3
2020,Q1,E06000004,80.94166666666666
2020,Q1,E06000005,81.39999999999999
2020,Q1,E06000006,76.94166666666666
2020,Q1,E06000007,78.40833333333333
2020,Q1,E06000008,80.79166666666667
2020,Q1,E06000009,79.38333333333334
2020,Q1,E06000010,83.81666666666666
2020,Q1,E06000011,82.60833333333333
2020,Q1,E06000012,82.66666666666667
2020,Q1,E06000013,82.01666666666667
2020,Q1,E06000014,82.375
2020,Q1,E06000015,80.22500000000001
2020,Q1,E06000016,78.85000000000001
2020,Q1,E06000017,84.71666666666667
2020,Q1,E06000018,77.89166666666667
2020,Q1,E06000020,77.46666666666667
2020,Q1,E06000021,80.39166666666667
2020,Q1,E06000022,83.03333333333333
2020,Q1,E06000023,82.81666666666666
2020,Q1,E06000024,81.93333333333334
2020,Q1,E06000025,81.80833333333334
2020,Q1,E06000026,80.55
2020,Q1,E06000027,76.44166666666666
2020,Q1,E06000030,82.35
2020,Q1,E06000031,80.46666666666667
2020,Q1,E06000032,82.60000000000001
2020,Q1,E06000033,85.60000000000001
2020,Q1,E06000034,83.3
2020,Q1,E06000035,80.30833333333334
2020,Q1,E06000036,85.86666666666667
2020,Q1,E06000037,84.15833333333333
2020,Q1,E06000038,83.575
2020,Q1,E06000039,88.04166666666667
2020,Q1,E06000040,84.93333333333334
2020,Q1,E06000041,85.60000000000001
2020,Q1,E06000042,82.71666666666667
2020,Q1,E06000043,81.90833333333333
2020,Q1,E06000044,82.48333333333333
2020,Q1,E06000045,83.20833333333333
2020,Q1,E06000046,78.38333333333334
2020,Q1,E06000047,77.8
2020,Q1,E06000049,81.96666666666667
2020,Q1,E06000050,79.41666666666667
2020,Q1,E06000051,80.16666666666667
2020,Q1,E06000052,78.16666666666667
2020,Q1,E06000054,83.46666666666667
2020,Q1,E06000055,84.0
2020,Q1,E06000056,85.71666666666665
2020,Q1,E06000057,81.93333333333334
2020,Q1,E06000058,82.14166666666667
2020,Q1,E06000059,82.075
2020,Q1,E06000060,88.27499999999999
2020,Q1,E06000061,81.10000000000001
2020,Q1,E06000062,83.64999999999999
2020,Q1,E06000063,84.31666666666666
2020,Q1,E06000064,86.075
2020,Q1,E06000065,83.10000000000001
2020,Q1,E06000066,81.26666666666667
2020,Q1,E07000008,91.64999999999999
2020,Q1,E07000009,88.56666666666666
2020,Q1,E07000010,80.30833333333334
2020,Q1,E07000011,83.3
2020,Q1,E07000012,88.73333333333333
2020,Q1,E07000032,79.36666666666666
2020,Q1,E07000033,75.28333333333333
2020,Q1,E07000034,82.55
2020,Q1,E07000035,79.41666666666667
2020,Q1,E07000036,79.675
2020,Q1,E07000037,78.11666666666666
2020,Q1,E07000038,81.03333333333333
2020,Q1,E07000039,81.59166666666667
2020,Q1,E07000040,85.11666666666666
2020,Q1,E07000041,81.33333333333333
2020,Q1,E07000042,78.39999999999999
2020,Q1,E07000043,81.55
2020,Q1,E07000044,82.43333333333334
2020,Q1,E07000045,79.99166666666666
2020,Q1,E07000046,73.08333333333333
2020,Q1,E07000047,81.60833333333333
2020,Q1,E07000061,76.3
2020,Q1,E07000062,78.43333333333334
2020,Q1,E07000063,82.35833333333333
2020,Q1,E07000064,78.51666666666667
2020,Q1,E07000065,83.45
2020,Q1,E07000066,83.91666666666667
2020,Q1,E07000067,86.7
2020,Q1,E07000068,91.09166666666665
2020,Q1,E07000069,82.425
2020,Q1,E07000070,85.36666666666667
2020,Q1,E07000071,82.775
2020,Q1,E07000072,88.75833333333333
2020,Q1,E07000073,85.50833333333333
2020,Q1,E07000074,83.70833333333333
2020,Q1,E07000075,85.96666666666665
2020,Q1,E07000076,80.31666666666666
2020,Q1,E07000077,88.175
2020,Q1,E07000078,83.34166666666667
2020,Q1,E07000079,78.19166666666666
2020,Q1,E07000080,80.95
2020,Q1,E07000081,79.89999999999999
2020,Q1,E07000082,88.31666666666666
2020,Q1,E07000083,83.15
2020,Q1,E07000084,84.79166666666667
2020,Q1,E07000085,85.11666666666666
2020,Q1,E07000086,84.47500000000001
2020,Q1,E07000087,82.04166666666667
2020,Q1,E07000088,80.10000000000001
2020,Q1,E07000089,85.63333333333333
2020,Q1,E07000090,82.15833333333333
2020,Q1,E07000091,82.29166666666667
2020,Q1,E07000092,85.50833333333333
2020,Q1,E07000093,83.22500000000001
2020,Q1,E07000094,89.075
2020,Q1,E07000095,86.375
2020,Q1,E07000096,86.89166666666667
2020,Q1,E07000098,88.58333333333333
2020,Q1,E07000099,90.64166666666667
2020,Q1,E07000102,89.27499999999999
2020,Q1,E07000103,86.825
2020,Q1,E07000105,84.78333333333333
2020,Q1,E07000106,86.70833333333333
2020,Q1,E07000107,88.79166666666667
2020,Q1,E07000108,83.85000000000001
2020,Q1,E07000109,82.11666666666666
2020,Q1,E07000110,85.175
2020,Q1,E07000111,86.10000000000001
2020,Q1,E07000113,82.75833333333334
2020,Q1,E07000114,76.34166666666667
2020,Q1,E07000115,84.85833333333333
2020,Q1,E07000116,84.80833333333334
2020,Q1,E07000117,78.22500000000001
2020,Q1,E07000118,80.81666666666666
2020,Q1,E07000119,80.63333333333334
2020,Q1,E07000120,77.91666666666667
2020,Q1,E07000121,78.125
2020,Q1,E07000122,73.89999999999999
2020,Q1,E07000123,81.59166666666667
2020,Q1,E07000124,83.14999999999999
2020,Q1,E07000125,74.78333333333333
2020,Q1,E07000126,83.625
2020,Q1,E07000127,85.46666666666665
2020,Q1,E07000128,79.61666666666666
2020,Q1,E07000129,81.83333333333333
2020,Q1,E07000130,80.85000000000001
2020,Q1,E07000131,87.06666666666666
2020,Q1,E07000132,79.25833333333334
2020,Q1,E07000133,84.79166666666667
2020,Q1,E07000134,83.36666666666666
2020,Q1,E07000135,82.51666666666667
2020,Q1,E07000136,82.11666666666666
2020,Q1,E07000137,77.10833333333333
2020,Q1,E07000138,83.76666666666667
2020,Q1,E07000139,81.02499999999999
2020,Q1,E07000140,79.45
2020,Q1,E07000141,81.05
2020,Q1,E07000142,79.625
2020,Q1,E07000143,80.08333333333333
2020,Q1,E07000144,82.38333333333334
2020,Q1,E07000145,77.35833333333333
2020,Q1,E07000146,79.13333333333334
2020,Q1,E07000147,83.29166666666667
2020,Q1,E07000148,81.50833333333334
2020,Q1,E07000149,82.76666666666667
2020,Q1,E07000170,77.25
2020,Q1,E07000171,83.625
2020,Q1,E07000172,78.22500000000001
2020,Q1,E07000173,78.23333333333333
2020,Q1,E07000174,76.98333333333333
2020,Q1,E07000175,80.75
2020,Q1,E07000176,83.55
2020,Q1,E07000177,84.125
2020,Q1,E07000178,93.19166666666666
2020,Q1,E07000179,89.58333333333333
2020,Q1,E07000180,88.24166666666667
2020,Q1,E07000181,87.27499999999999
2020,Q1,E07000192,78.04166666666667
2020,Q1,E07000193,83.50833333333334
2020,Q1,E07000194,82.20833333333333
2020,Q1,E07000195,79.375
2020,Q1,E07000196,82.74166666666666
2020,Q1,E07000197,83.31666666666666
2020,Q1,E07000198,82.72500000000001
2020,Q1,E07000199,83.75833333333334
2020,Q1,E07000200,87.60833333333333
2020,Q1,E07000202,82.22500000000001
2020,Q1,E07000203,84.54166666666667
2020,Q1,E07000207,85.18333333333334
2020,Q1,E07000208,86.04166666666667
2020,Q1,E07000209,89.27499999999999
2020,Q1,E07000210,86.59166666666665
2020,Q1,E07000211,88.8
2020,Q1,E07000212,85.18333333333334
2020,Q1,E07000213,86.2
2020,Q1,E07000214,83.7
2020,Q1,E07000215,86.7
2020,Q1,E07000216,86.45
2020,Q1,E07000217,88.19166666666666
2020,Q1,E07000218,85.23333333333333
2020,Q1,E07000219,82.34166666666667
2020,Q1,E07000220,82.49166666666666
2020,Q1,E07000221,84.75
2020,Q1,E07000222,88.70833333333333
2020,Q1,E07000223,84.425
2020,Q1,E07000224,81.775
2020,Q1,E07000225,90.10000000000001
2020,Q1,E07000226,87.49166666666667
2020,Q1,E07000227,87.31666666666666
2020,Q1,E07000228,86.19166666666666
2020,Q1,E07000229,80.29166666666667
2020,Q1,E07000234,84.04166666666667
2020,Q1,E07000235,81.24166666666666
2020,Q1,E07000236,82.41666666666667
2020,Q1,E07000237,82.3
2020,Q1,E07000238,82.13333333333334
2020,Q1,E07000239,82.25
2020,Q1,E07000240,88.85000000000001
2020,Q1,E07000241,89.43333333333334
2020,Q1,E07000242,91.71666666666665
2020,Q1,E07000243,82.95
2020,Q1,E07000244,81.55
2020,Q1,E07000245,83.95
2020,Q1,E08000001,75.63333333333334
2020,Q1,E08000002,77.93333333333334
2020,Q1,E08000003,77.05833333333334
2020,Q1,E08000004,76.33333333333333
2020,Q1,E08000005,74.38333333333334
2020,Q1,E08000006,73.3
2020,Q1,E08000007,81.03333333333333
2020,Q1,E08000008,76.13333333333334
2020,Q1,E08000009,83.11666666666666
2020,Q1,E08000010,74.63333333333334
2020,Q1,E08000011,76.03333333333333
2020,Q1,E08000012,78.10833333333333
2020,Q1,E08000014,79.425
2020,Q1,E08000015,78.0
2020,Q1,E08000017,78.31666666666666
2020,Q1,E08000018,77.05
2020,Q1,E08000021,85.71666666666665
2020,Q1,E08000022,81.44166666666666
2020,Q1,E08000023,82.71666666666667
2020,Q1,E08000024,82.8
2020,Q1,E08000025,79.81666666666666
2020,Q1,E08000026,84.3
2020,Q1,E08000027,78.74166666666666
2020,Q1,E08000028,76.85833333333333
2020,Q1,E08000029,80.925
2020,Q1,E08000030,81.84166666666667
2020,Q1,E08000031,77.20833333333333
2020,Q1,E08000032,80.00833333333334
2020,Q1,E08000033,81.50833333333334
2020,Q1,E08000034,79.525
2020,Q1,E08000035,82.26666666666667
2020,Q1,E08000036,77.79166666666667
2020,Q1,E08000037,84.825
2020,Q1,E08000038,80.26666666666667
2020,Q1,E08000039,77.825
2020,Q1,E09000001,93.675
2020,Q1,E09000002,87.72500000000001
2020,Q1,E09000003,87.19166666666666
2020,Q1,E09000004,82.69166666666666
2020,Q1,E09000005,93.13333333333333
2020,Q1,E09000006,83.99166666666666
2020,Q1,E09000007,95.88333333333333
2020,Q1,E09000008,88.28333333333335
2020,Q1,E09000009,86.7
2020,Q1,E09000010,88.125
2020,Q1,E09000011,88.96666666666665
2020,Q1,E09000012,98.625
2020,Q1,E09000013,89.2
2020,Q1,E09000014,93.81666666666666
2020,Q1,E09000015,86.00833333333333
2020,Q1,E09000016,85.93333333333334
2020,Q1,E09000017,88.125
2020,Q1,E09000018,87.39999999999999
2020,Q1,E09000019,98.04166666666667
2020,Q1,E09000020,96.94166666666666
2020,Q1,E09000021,86.69166666666666
2020,Q1,E09000022,97.15833333333335
2020,Q1,E09000023,93.73333333333333
2020,Q1,E09000024,91.86666666666667
2020,Q1,E09000025,92.01666666666667
2020,Q1,E09000026,86.825
2020,Q1,E09000027,92.49166666666667
2020,Q1,E09000028,99.26666666666667
2020,Q1,E09000029,83.89999999999999
2020,Q1,E09000030,98.89999999999999
2020,Q1,E09000031,91.075
2020,Q1,E09000032,96.10000000000001
2020,Q1,E09000033,83.45833333333333
2021,Q1,E06000001,89.49166666666667
2021,Q1,E06000002,86.825
2021,Q1,E06000003,88.84166666666665
2021,Q1,E06000004,88.63333333333333
2021,Q1,E06000005,89.99166666666667
2021,Q1,E06000006,86.58333333333333
2021,Q1,E06000007,85.875
2021,Q1,E06000008,89.25833333333333
2021,Q1,E06000009,89.27499999999999
2021,Q1,E06000010,91.36666666666667
2021,Q1,E06000011,90.35833333333333
2021,Q1,E06000012,91.00833333333333
2021,Q1,E06000013,89.86666666666667
2021,Q1,E06000014,89.95
2021,Q1,E06000015,88.175
2021,Q1,E06000016,86.425
2021,Q1,E06000017,88.81666666666666
2021,Q1,E06000018,86.58333333333333
2021,Q1,E06000020,86.33333333333333
2021,Q1,E06000021,89.43333333333334
2021,Q1,E06000022,89.14166666666667
2021,Q1,E06000023,87.74166666666667
2021,Q1,E06000024,86.86666666666667
2021,Q1,E06000025,86.63333333333333
2021,Q1,E06000026,86.38333333333333
2021,Q1,E06000027,84.38333333333334
2021,Q1,E06000030,86.91666666666667
2021,Q1,E06000031,84.625
2021,Q1,E06000032,88.48333333333333
2021,Q1,E06000033,90.09166666666665
2021,Q1,E06000034,88.31666666666666
2021,Q1,E06000035,86.875
2021,Q1,E06000036,89.30833333333334
2021,Q1,E06000037,88.16666666666667
2021,Q1,E06000038,88.20833333333333
2021,Q1,E06000039,92.27499999999999
2021,Q1,E06000040,90.25
2021,Q1,E06000041,88.70833333333333
2021,Q1,E06000042,88.3
2021,Q1,E06000043,87.47500000000001
2021,Q1,E06000044,87.43333333333334
2021,Q1,E06000045,87.83333333333333
2021,Q1,E06000046,86.33333333333333
2021,Q1,E06000047,89.78333333333335
2021,Q1,E06000049,88.47500000000001
2021,Q1,E06000050,87.65833333333335
2021,Q1,E06000051,87.25833333333333
2021,Q1,E06000052,86.43333333333334
2021,Q1,E06000054,88.25833333333333
2021,Q1,E06000055,89.2
2021,Q1,E06000056,88.25
2021,Q1,E06000057,89.72500000000001
2021,Q1,E06000058,86.88333333333333
2021,Q1,E06000059,87.97500000000001
2021,Q1,E06000060,91.40833333333335
2021,Q1,E06000061,87.14999999999999
2021,Q1,E06000062,88.61666666666667
2021,Q1,E06000063,90.69166666666666
2021,Q1,E06000064,91.76666666666667
2021,Q1,E06000065,89.22500000000001
2021,Q1,E06000066,87.00833333333333
2021,Q1,E07000008,91.15833333333335
2021,Q1,E07000009,91.01666666666667
2021,Q1,E07000010,86.3
2021,Q1,E07000011,88.26666666666667
2021,Q1,E07000012,91.71666666666665
2021,Q1,E07000032,87.28333333333335
2021,Q1,E07000033,87.47500000000001
2021,Q1,E07000034,90.40833333333335
2021,Q1,E07000035,86.14999999999999
2021,Q1,E07000036,88.02499999999999
2021,Q1,E07000037,85.93333333333334
2021,Q1,E07000038,84.75833333333334
2021,Q1,E07000039,87.68333333333334
2021,Q1,E07000040,89.69166666666666
2021,Q1,E07000041,85.31666666666666
2021,Q1,E07000042,85.35833333333333
2021,Q1,E07000043,87.81666666666666
2021,Q1,E07000044,89.95833333333333
2021,Q1,E07000045,86.81666666666666
2021,Q1,E07000046,80.00833333333334
2021,Q1,E07000047,88.88333333333333
2021,Q1,E07000061,85.46666666666665
2021,Q1,E07000062,88.125
2021,Q1,E07000063,88.02499999999999
2021,Q1,E07000064,86.25
2021,Q1,E07000065,88.79166666666667
2021,Q1,E07000066,88.39166666666667
2021,Q1,E07000067,89.575
2021,Q1,E07000068,94.41666666666667
2021,Q1,E07000069,88.91666666666667
2021,Q1,E07000070,89.48333333333333
2021,Q1,E07000071,87.02499999999999
2021,Q1,E07000072,91.14999999999999
2021,Q1,E07000073,87.63333333333333
2021,Q1,E07000074,88.18333333333334
2021,Q1,E07000075,87.73333333333333
2021,Q1,E07000076,86.75833333333333
2021,Q1,E07000077,92.86666666666667
2021,Q1,E07000078,88.25833333333333
2021,Q1,E07000079,83.125
2021,Q1,E07000080,86.30833333333334
2021,Q1,E07000081,87.09166666666665
2021,Q1,E07000082,89.46666666666665
2021,Q1,E07000083,87.85833333333333
2021,Q1,E07000084,89.31666666666666
2021,Q1,E07000085,88.96666666666665
2021,Q1,E07000086,90.28333333333335
2021,Q1,E07000087,88.75833333333333
2021,Q1,E07000088,86.04166666666667
2021,Q1,E07000089,89.50833333333333
2021,Q1,E07000090,88.76666666666667
2021,Q1,E07000091,88.7
2021,Q1,E07000092,90.01666666666667
2021,Q1,E07000093,86.80833333333334
2021,Q1,E07000094,91.0
2021,Q1,E07000095,91.89166666666667
2021,Q1,E07000096,91.81666666666666
2021,Q1,E07000098,93.76666666666667
2021,Q1,E07000099,94.25
2021,Q1,E07000102,93.625
2021,Q1,E07000103,92.16666666666667
2021,Q1,E07000105,90.03333333333335
2021,Q1,E07000106,90.125
2021,Q1,E07000107,91.75833333333333
2021,Q1,E07000108,89.78333333333335
2021,Q1,E07000109,88.39999999999999
2021,Q1,E07000110,88.24166666666667
2021,Q1,E07000111,89.075
2021,Q1,E07000113,87.35833333333333
2021,Q1,E07000114,85.18333333333334
2021,Q1,E07000115,87.78333333333335
2021,Q1,E07000116,91.15833333333335
2021,Q1,E07000117,88.68333333333334
2021,Q1,E07000118,88.93333333333334
2021,Q1,E07000119,86.25
2021,Q1,E07000120,88.38333333333333
2021,Q1,E07000121,87.125
2021,Q1,E07000122,85.94166666666666
2021,Q1,E07000123,90.31666666666666
2021,Q1,E07000124,88.45
2021,Q1,E07000125,87.05
2021,Q1,E07000126,90.02499999999999
2021,Q1,E07000127,90.84166666666665
2021,Q1,E07000128,88.19166666666666
2021,Q1,E07000129,88.21666666666665
2021,Q1,E07000130,86.70833333333333
2021,Q1,E07000131,89.425
2021,Q1,E07000132,87.14166666666667
2021,Q1,E07000133,90.80833333333334
2021,Q1,E07000134,89.02499999999999
2021,Q1,E07000135,86.55
2021,Q1,E07000136,88.55
2021,Q1,E07000137,84.97500000000001
2021,Q1,E07000138,92.125
2021,Q1,E07000139,87.25833333333333
2021,Q1,E07000140,86.55833333333334
2021,Q1,E07000141,87.71666666666665
2021,Q1,E07000142,88.48333333333333
2021,Q1,E07000143,86.21666666666665
2021,Q1,E07000144,87.05
2021,Q1,E07000145,86.02499999999999
2021,Q1,E07000146,85.05833333333334
2021,Q1,E07000147,88.60000000000001
2021,Q1,E07000148,87.55
2021,Q1,E07000149,87.75833333333333
2021,Q1,E07000170,86.26666666666667
2021,Q1,E07000171,92.29166666666667
2021,Q1,E07000172,85.54166666666667
2021,Q1,E07000173,87.25
2021,Q1,E07000174,85.825
2021,Q1,E07000175,87.40833333333335
2021,Q1,E07000176,89.41666666666667
2021,Q1,E07000177,88.47500000000001
2021,Q1,E07000178,96.68333333333334
2021,Q1,E07000179,93.89999999999999
2021,Q1,E07000180,89.925
2021,Q1,E07000181,85.84166666666665
2021,Q1,E07000192,85.675
2021,Q1,E07000193,88.89999999999999
2021,Q1,E07000194,87.86666666666667
2021,Q1,E07000195,85.95833333333333
2021,Q1,E07000196,90.825
2021,Q1,E07000197,89.18333333333334
2021,Q1,E07000198,89.44166666666666
2021,Q1,E07000199,88.03333333333335
2021,Q1,E07000200,92.08333333333333
2021,Q1,E07000202,88.625
2021,Q1,E07000203,89.19166666666666
2021,Q1,E07000207,90.39166666666667
2021,Q1,E07000208,90.28333333333335
2021,Q1,E07000209,92.83333333333333
2021,Q1,E07000210,91.71666666666665
2021,Q1,E07000211,91.08333333333333
2021,Q1,E07000212,90.31666666666666
2021,Q1,E07000213,86.11666666666667
2021,Q1,E07000214,89.93333333333334
2021,Q1,E07000215,92.575
2021,Q1,E07000216,89.60833333333333
2021,Q1,E07000217,91.93333333333334
2021,Q1,E07000218,89.39166666666667
2021,Q1,E07000219,86.66666666666667
2021,Q1,E07000220,90.01666666666667
2021,Q1,E07000221,89.95
2021,Q1,E07000222,91.41666666666667
2021,Q1,E07000223,90.89999999999999
2021,Q1,E07000224,88.49166666666667
2021,Q1,E07000225,91.625
2021,Q1,E07000226,89.80833333333334
2021,Q1,E07000227,90.01666666666667
2021,Q1,E07000228,88.54166666666667
2021,Q1,E07000229,89.74166666666667
2021,Q1,E07000234,88.71666666666665
2021,Q1,E07000235,87.51666666666667
2021,Q1,E07000236,88.79166666666667
2021,Q1,E07000237,86.75
2021,Q1,E07000238,88.75
2021,Q1,E07000239,88.89166666666667
2021,Q1,E07000240,92.59166666666665
2021,Q1,E07000241,92.72500000000001
2021,Q1,E07000242,92.90833333333335
2021,Q1,E07000243,88.89166666666667
2021,Q1,E07000244,86.95833333333333
2021,Q1,E07000245,89.03333333333335
2021,Q1,E08000001,85.97500000000001
2021,Q1,E08000002,88.70833333333333
2021,Q1,E08000003,90.69166666666666
2021,Q1,E08000004,87.47500000000001
2021,Q1,E08000005,84.925
2021,Q1,E08000006,88.7
2021,Q1,E08000007,87.325
2021,Q1,E08000008,86.35000000000001
2021,Q1,E08000009,89.19166666666666
2021,Q1,E08000010,84.23333333333333
2021,Q1,E08000011,84.79166666666667
2021,Q1,E08000012,90.425
2021,Q1,E08000014,88.43333333333334
2021,Q1,E08000015,89.35833333333333
2021,Q1,E08000017,88.64166666666667
2021,Q1,E08000018,87.625
2021,Q1,E08000021,92.04166666666667
2021,Q1,E08000022,88.33333333333333
2021,Q1,E08000023,90.0
2021,Q1,E08000024,92.3
2021,Q1,E08000025,87.90833333333335
2021,Q1,E08000026,90.25833333333333
2021,Q1,E08000027,87.39999999999999
2021,Q1,E08000028,86.35000000000001
2021,Q1,E08000029,90.63333333333333
2021,Q1,E08000030,89.35000000000001
2021,Q1,E08000031,84.20833333333333
2021,Q1,E08000032,89.125
2021,Q1,E08000033,90.76666666666667
2021,Q1,E08000034,88.25833333333333
2021,Q1,E08000035,89.04166666666667
2021,Q1,E08000036,87.30833333333334
2021,Q1,E08000037,91.47500000000001
2021,Q1,E08000038,87.85000000000001
2021,Q1,E08000039,85.80833333333334
2021,Q1,E09000001,92.36666666666667
2021,Q1,E09000002,90.125
2021,Q1,E09000003,92.16666666666667
2021,Q1,E09000004,88.97500000000001
2021,Q1,E09000005,93.675
2021,Q1,E09000006,90.11666666666667
2021,Q1,E09000007,96.46666666666665
2021,Q1,E09000008,91.325
2021,Q1,E09000009,91.39999999999999
2021,Q1,E09000010,93.83333333333333
2021,Q1,E09000011,93.69166666666666
2021,Q1,E09000012,97.125
2021,Q1,E09000013,93.79166666666667
2021,Q1,E09000014,92.72500000000001
2021,Q1,E09000015,92.425
2021,Q1,E09000016,89.44166666666666
2021,Q1,E09000017,91.60000000000001
2021,Q1,E09000018,89.075
2021,Q1,E09000019,100.675
2021,Q1,E09000020,98.64166666666667
2021,Q1,E09000021,90.10000000000001
2021,Q1,E09000022,98.55
2021,Q1,E09000023,95.38333333333333
2021,Q1,E09000024,94.81666666666666
2021,Q1,E09000025,95.01666666666667
2021,Q1,E09000026,92.80833333333334
2021,Q1,E09000027,95.01666666666667
2021,Q1,E09000028,94.55833333333334
2021,Q1,E09000029,89.39166666666667
2021,Q1,E09000030,105.26666666666667
2021,Q1,E09000031,93.90833333333335
2021,Q1,E09000032,93.625
2021,Q1,E09000033,88.46666666666665
2022,Q1,E06000001,96.95
2022,Q1,E06000002,95.375
2022,Q1,E06000003,97.64999999999999
2022,Q1,E06000004,95.04166666666667
2022,Q1,E06000005,97.51666666666667
2022,Q1,E06000006,96.325
2022,Q1,E06000007,96.75
2022,Q1,E06000008,96.76666666666667
2022,Q1,E06000009,98.80833333333334
2022,Q1,E06000010,98.90833333333335
2022,Q1,E06000011,96.85833333333333
2022,Q1,E06000012,98.93333333333334
2022,Q1,E06000013,96.99166666666667
2022,Q1,E06000014,98.26666666666667
2022,Q1,E06000015,95.72500000000001
2022,Q1,E06000016,95.21666666666665
2022,Q1,E06000017,96.15833333333335
2022,Q1,E06000018,96.27499999999999
2022,Q1,E06000020,96.125
2022,Q1,E06000021,96.80833333333334
2022,Q1,E06000022,100.39999999999999
2022,Q1,E06000023,97.075
2022,Q1,E06000024,96.28333333333335
2022,Q1,E06000025,96.31666666666666
2022,Q1,E06000026,96.93333333333334
2022,Q1,E06000027,96.14166666666667
2022,Q1,E06000030,96.60000000000001
2022,Q1,E06000031,94.60833333333333
2022,Q1,E06000032,97.7
2022,Q1,E06000033,97.8
2022,Q1,E06000034,96.03333333333335
2022,Q1,E06000035,96.26666666666667
2022,Q1,E06000036,97.39999999999999
2022,Q1,E06000037,96.33333333333333
2022,Q1,E06000038,96.23333333333333
2022,Q1,E06000039,97.26666666666667
2022,Q1,E06000040,99.51666666666667
2022,Q1,E06000041,95.72500000000001
2022,Q1,E06000042,96.59166666666665
2022,Q1,E06000043,95.875
2022,Q1,E06000044,96.20833333333333
2022,Q1,E06000045,95.90833333333335
2022,Q1,E06000046,96.79166666666667
2022,Q1,E06000047,96.01666666666667
2022,Q1,E06000049,96.27499999999999
2022,Q1,E06000050,95.11666666666667
2022,Q1,E06000051,95.8
2022,Q1,E06000052,97.59166666666665
2022,Q1,E06000054,96.91666666666667
2022,Q1,E06000055,98.03333333333335
2022,Q1,E06000056,96.04166666666667
2022,Q1,E06000057,96.74166666666667
2022,Q1,E06000058,96.28333333333335
2022,Q1,E06000059,98.8
2022,Q1,E06000060,98.75833333333333
2022,Q1,E06000061,96.98333333333333
2022,Q1,E06000062,97.25833333333333
2022,Q1,E06000063,98.45833333333333
2022,Q1,E06000064,99.66666666666667
2022,Q1,E06000065,97.68333333333334
2022,Q1,E06000066,97.13333333333333
2022,Q1,E07000008,100.5
2022,Q1,E07000009,98.61666666666667
2022,Q1,E07000010,97.51666666666667
2022,Q1,E07000011,97.61666666666667
2022,Q1,E07000012,98.16666666666667
2022,Q1,E07000032,94.58333333333333
2022,Q1,E07000033,96.16666666666667
2022,Q1,E07000034,97.675
2022,Q1,E07000035,94.60833333333333
2022,Q1,E07000036,96.825
2022,Q1,E07000037,95.78333333333335
2022,Q1,E07000038,92.83333333333333
2022,Q1,E07000039,96.05833333333334
2022,Q1,E07000040,98.20833333333333
2022,Q1,E07000041,95.3
2022,Q1,E07000042,95.89166666666667
2022,Q1,E07000043,99.79166666666667
2022,Q1,E07000044,100.46666666666665
2022,Q1,E07000045,97.25
2022,Q1,E07000046,92.52499999999999
2022,Q1,E07000047,97.16666666666667
2022,Q1,E07000061,96.14999999999999
2022,Q1,E07000062,98.90833333333335
2022,Q1,E07000063,97.325
2022,Q1,E07000064,97.78333333333335
2022,Q1,E07000065,97.925
2022,Q1,E07000066,96.27499999999999
2022,Q1,E07000067,97.84166666666665
2022,Q1,E07000068,100.96666666666665
2022,Q1,E07000069,97.85833333333333
2022,Q1,E07000070,98.625
2022,Q1,E07000071,96.09166666666665
2022,Q1,E07000072,97.73333333333333
2022,Q1,E07000073,95.21666666666665
2022,Q1,E07000074,95.33333333333333
2022,Q1,E07000075,94.26666666666667
2022,Q1,E07000076,96.26666666666667
2022,Q1,E07000077,100.26666666666667
2022,Q1,E07000078,97.85000000000001
2022,Q1,E07000079,93.33333333333333
2022,Q1,E07000080,95.71666666666665
2022,Q1,E07000081,96.25
2022,Q1,E07000082,100.22500000000001
2022,Q1,E07000083,95.13333333333333
2022,Q1,E07000084,96.99166666666667
2022,Q1,E07000085,96.45
2022,Q1,E07000086,98.39166666666667
2022,Q1,E07000087,97.72500000000001
2022,Q1,E07000088,95.49166666666667
2022,Q1,E07000089,97.0
2022,Q1,E07000090,97.15833333333335
2022,Q1,E07000091,99.11666666666667
2022,Q1,E07000092,98.325
2022,Q1,E07000093,97.18333333333334
2022,Q1,E07000094,99.26666666666667
2022,Q1,E07000095,97.75
2022,Q1,E07000096,97.14166666666667
2022,Q1,E07000098,98.64166666666667
2022,Q1,E07000099,99.76666666666667
2022,Q1,E07000102,100.575
2022,Q1,E07000103,98.24166666666667
2022,Q1,E07000105,97.36666666666667
2022,Q1,E07000106,97.29166666666667
2022,Q1,E07000107,97.66666666666667
2022,Q1,E07000108,99.00833333333333
2022,Q1,E07000109,96.125
2022,Q1,E07000110,97.575
2022,Q1,E07000111,96.20833333333333
2022,Q1,E07000113,96.40833333333335
2022,Q1,E07000114,95.93333333333334
2022,Q1,E07000115,96.81666666666666
2022,Q1,E07000116,98.63333333333333
2022,Q1,E07000117,99.175
2022,Q1,E07000118,96.05833333333334
2022,Q1,E07000119,92.85833333333333
2022,Q1,E07000120,99.48333333333333
2022,Q1,E07000121,95.70833333333333
2022,Q1,E07000122,92.23333333333333
2022,Q1,E07000123,97.55833333333334
2022,Q1,E07000124,94.95833333333333
2022,Q1,E07000125,94.20833333333333
2022,Q1,E07000126,98.14999999999999
2022,Q1,E07000127,97.85833333333333
2022,Q1,E07000128,97.50833333333333
2022,Q1,E07000129,97.15833333333335
2022,Q1,E07000130,96.27499999999999
2022,Q1,E07000131,96.325
2022,Q1,E07000132,97.66666666666667
2022,Q1,E07000133,96.375
2022,Q1,E07000134,97.28333333333335
2022,Q1,E07000135,95.34166666666665
2022,Q1,E07000136,98.35833333333333
2022,Q1,E07000137,95.575
2022,Q1,E07000138,98.875
2022,Q1,E07000139,96.55
2022,Q1,E07000140,97.14166666666667
2022,Q1,E07000141,97.33333333333333
2022,Q1,E07000142,97.38333333333333
2022,Q1,E07000143,96.05833333333334
2022,Q1,E07000144,97.04166666666667
2022,Q1,E07000145,96.84166666666665
2022,Q1,E07000146,95.40833333333335
2022,Q1,E07000147,98.89999999999999
2022,Q1,E07000148,96.2
2022,Q1,E07000149,96.14999999999999
2022,Q1,E07000170,96.78333333333335
2022,Q1,E07000171,101.56666666666666
2022,Q1,E07000172,95.3
2022,Q1,E07000173,96.18333333333334
2022,Q1,E07000174,96.19166666666666
2022,Q1,E07000175,95.63333333333333
2022,Q1,E07000176,97.45833333333333
2022,Q1,E07000177,96.75833333333333
2022,Q1,E07000178,101.73333333333333
2022,Q1,E07000179,100.39166666666667
2022,Q1,E07000180,97.02499999999999
2022,Q1,E07000181,93.89999999999999
2022,Q1,E07000192,95.04166666666667
2022,Q1,E07000193,97.575
2022,Q1,E07000194,97.05
2022,Q1,E07000195,94.95833333333333
2022,Q1,E07000196,99.125
2022,Q1,E07000197,98.66666666666667
2022,Q1,E07000198,96.68333333333334
2022,Q1,E07000199,97.66666666666667
2022,Q1,E07000200,101.13333333333333
2022,Q1,E07000202,97.10833333333333
2022,Q1,E07000203,97.04166666666667
2022,Q1,E07000207,97.20833333333333
2022,Q1,E07000208,97.25833333333333
2022,Q1,E07000209,99.125
2022,Q1,E07000210,97.68333333333334
2022,Q1,E07000211,98.51666666666667
2022,Q1,E07000212,97.625
2022,Q1,E07000213,94.16666666666667
2022,Q1,E07000214,97.70833333333333
2022,Q1,E07000215,99.19166666666666
2022,Q1,E07000216,97.94166666666666
2022,Q1,E07000217,98.26666666666667
2022,Q1,E07000218,97.03333333333335
2022,Q1,E07000219,96.09166666666665
2022,Q1,E07000220,98.22500000000001
2022,Q1,E07000221,95.63333333333333
2022,Q1,E07000222,97.39999999999999
2022,Q1,E07000223,99.175
2022,Q1,E07000224,96.98333333333333
2022,Q1,E07000225,100.325
2022,Q1,E07000226,97.36666666666667
2022,Q1,E07000227,97.83333333333333
2022,Q1,E07000228,97.27499999999999
2022,Q1,E07000229,98.925
2022,Q1,E07000234,96.71666666666665
2022,Q1,E07000235,94.875
2022,Q1,E07000236,97.47500000000001
2022,Q1,E07000237,97.19166666666666
2022,Q1,E07000238,97.925
2022,Q1,E07000239,97.85833333333333
2022,Q1,E07000240,99.125
2022,Q1,E07000241,99.76666666666667
2022,Q1,E07000242,98.89166666666667
2022,Q1,E07000243,97.60000000000001
2022,Q1,E07000244,96.78333333333335
2022,Q1,E07000245,97.575
2022,Q1,E08000001,96.05
2022,Q1,E08000002,97.29166666666667
2022,Q1,E08000003,100.22500000000001
2022,Q1,E08000004,97.325
2022,Q1,E08000005,94.75833333333333
2022,Q1,E08000006,98.56666666666666
2022,Q1,E08000007,97.175
2022,Q1,E08000008,97.425
2022,Q1,E08000009,97.68333333333334
2022,Q1,E08000010,94.79166666666667
2022,Q1,E08000011,94.54166666666667
2022,Q1,E08000012,98.175
2022,Q1,E08000014,97.10000000000001
2022,Q1,E08000015,97.34166666666665
2022,Q1,E08000017,96.96666666666665
2022,Q1,E08000018,95.64166666666667
2022,Q1,E08000021,98.15833333333335
2022,Q1,E08000022,96.43333333333334
2022,Q1,E08000023,95.39166666666667
2022,Q1,E08000024,98.625
2022,Q1,E08000025,96.33333333333333
2022,Q1,E08000026,98.16666666666667
2022,Q1,E08000027,96.13333333333333
2022,Q1,E08000028,96.38333333333333
2022,Q1,E08000029,97.825
2022,Q1,E08000030,97.54166666666667
2022,Q1,E08000031,94.64999999999999
2022,Q1,E08000032,95.98333333333333
2022,Q1,E08000033,96.51666666666667
2022,Q1,E08000034,96.27499999999999
2022,Q1,E08000035,97.45833333333333
2022,Q1,E08000036,95.99166666666667
2022,Q1,E08000037,97.33333333333333
2022,Q1,E08000038,97.77499999999999
2022,Q1,E08000039,94.43333333333334
2022,Q1,E09000001,103.99166666666667
2022,Q1,E09000002,97.23333333333333
2022,Q1,E09000003,98.78333333333335
2022,Q1,E09000004,96.49166666666667
2022,Q1,E09000005,99.68333333333334
2022,Q1,E09000006,97.03333333333335
2022,Q1,E09000007,99.33333333333333
2022,Q1,E09000008,96.13333333333333
2022,Q1,E09000009,96.06666666666666
2022,Q1,E09000010,98.94166666666666
2022,Q1,E09000011,100.11666666666667
2022,Q1,E09000012,100.3
2022,Q1,E09000013,95.02499999999999
2022,Q1,E09000014,96.78333333333335
2022,Q1,E09000015,98.23333333333333
2022,Q1,E09000016,96.55
2022,Q1,E09000017,97.20833333333333
2022,Q1,E09000018,94.52499999999999
2022,Q1,E09000019,102.7
2022,Q1,E09000020,106.22500000000001
2022,Q1,E09000021,97.50833333333333
2022,Q1,E09000022,100.27499999999999
2022,Q1,E09000023,98.29166666666667
2022,Q1,E09000024,98.56666666666666
2022,Q1,E09000025,98.925
2022,Q1,E09000026,97.74166666666667
2022,Q1,E09000027,101.16666666666667
2022,Q1,E09000028,97.8
2022,Q1,E09000029,96.21666666666665
2022,Q1,E09000030,105.39999999999999
2022,Q1,E09000031,97.64999999999999
2022,Q1,E09000032,101.5
2022,Q1,E09000033,94.325
2023,Q1,E06000001,97.24166666666667
2023,Q1,E06000002,96.5
2023,Q1,E06000003,99.47500000000001
2023,Q1,E06000004,98.625
2023,Q1,E06000005,98.64999999999999
2023,Q1,E06000006,97.46666666666665
2023,Q1,E06000007,98.78333333333335
2023,Q1,E06000008,99.15833333333335
2023,Q1,E06000009,97.34166666666665
2023,Q1,E06000010,98.59166666666665
2023,Q1,E06000011,98.91666666666667
2023,Q1,E06000012,98.675
2023,Q1,E06000013,98.45
2023,Q1,E06000014,99.34166666666665
2023,Q1,E06000015,99.39166666666667
2023,Q1,E06000016,97.85000000000001
2023,Q1,E06000017,101.93333333333334
2023,Q1,E06000018,99.59166666666665
2023,Q1,E06000020,99.74166666666667
2023,Q1,E06000021,99.21666666666665
2023,Q1,E06000022,100.72500000000001
2023,Q1,E06000023,98.22500000000001
2023,Q1,E06000024,98.2
2023,Q1,E06000025,97.77499999999999
2023,Q1,E06000026,97.75833333333333
2023,Q1,E06000027,96.825
2023,Q1,E06000030,99.81666666666666
2023,Q1,E06000031,97.55833333333334
2023,Q1,E06000032,97.58333333333333
2023,Q1,E06000033,96.86666666666667
2023,Q1,E06000034,97.71666666666665
2023,Q1,E06000035,96.95833333333333
2023,Q1,E06000036,98.11666666666667
2023,Q1,E06000037,97.91666666666667
2023,Q1,E06000038,97.04166666666667
2023,Q1,E06000039,98.06666666666666
2023,Q1,E06000040,97.375
2023,Q1,E06000041,98.56666666666666
2023,Q1,E06000042,97.52499999999999
2023,Q1,E06000043,96.02499999999999
2023,Q1,E06000044,97.78333333333335
2023,Q1,E06000045,97.01666666666667
2023,Q1,E06000046,97.23333333333333
2023,Q1,E06000047,96.34166666666665
2023,Q1,E06000049,98.575
2023,Q1,E06000050,97.93333333333334
2023,Q1,E06000051,98.36666666666667
2023,Q1,E06000052,98.28333333333335
2023,Q1,E06000054,98.175
2023,Q1,E06000055,99.71666666666665
2023,Q1,E06000056,97.56666666666666
2023,Q1,E06000057,99.49166666666667
2023,Q1,E06000058,95.73333333333333
2023,Q1,E06000059,98.64166666666667
2023,Q1,E06000060,99.26666666666667
2023,Q1,E06000061,98.13333333333333
2023,Q1,E06000062,97.65833333333335
2023,Q1,E06000063,99.55833333333334
2023,Q1,E06000064,100.45833333333333
2023,Q1,E06000065,98.70833333333333
2023,Q1,E06000066,97.61666666666667
2023,Q1,E07000008,99.7
2023,Q1,E07000009,100.53333333333335
2023,Q1,E07000010,97.03333333333335
2023,Q1,E07000011,98.74166666666667
2023,Q1,E07000012,100.25833333333333
2023,Q1,E07000032,97.675
2023,Q1,E07000033,100.70833333333333
2023,Q1,E07000034,99.23333333333333
2023,Q1,E07000035,97.21666666666665
2023,Q1,E07000036,100.72500000000001
2023,Q1,E07000037,98.49166666666667
2023,Q1,E07000038,94.2
2023,Q1,E07000039,99.175
2023,Q1,E07000040,101.09166666666665
2023,Q1,E07000041,97.375
2023,Q1,E07000042,97.20833333333333
2023,Q1,E07000043,101.125
2023,Q1,E07000044,100.22500000000001
2023,Q1,E07000045,97.55
2023,Q1,E07000046,93.28333333333335
2023,Q1,E07000047,97.73333333333333
2023,Q1,E07000061,95.3
2023,Q1,E07000062,96.25833333333334
2023,Q1,E07000063,98.83333333333333
2023,Q1,E07000064,96.51666666666667
2023,Q1,E07000065,97.26666666666667
2023,Q1,E07000066,96.81666666666666
2023,Q1,E07000067,98.96666666666665
2023,Q1,E07000068,99.29166666666667
2023,Q1,E07000069,98.56666666666666
2023,Q1,E07000070,97.83333333333333
2023,Q1,E07000071,96.54166666666667
2023,Q1,E07000072,96.90833333333335
2023,Q1,E07000073,96.54166666666667
2023,Q1,E07000074,97.60000000000001
2023,Q1,E07000075,96.0
2023,Q1,E07000076,96.95
2023,Q1,E07000077,98.10000000000001
2023,Q1,E07000078,98.86666666666667
2023,Q1,E07000079,96.5
2023,Q1,E07000080,97.64999999999999
2023,Q1,E07000081,98.51666666666667
2023,Q1,E07000082,102.5
2023,Q1,E07000083,98.60000000000001
2023,Q1,E07000084,98.75833333333333
2023,Q1,E07000085,96.88333333333333
2023,Q1,E07000086,98.95833333333333
2023,Q1,E07000087,97.56666666666666
2023,Q1,E07000088,96.21666666666665
2023,Q1,E07000089,98.14999999999999
2023,Q1,E07000090,97.90833333333335
2023,Q1,E07000091,97.49166666666667
2023,Q1,E07000092,99.25833333333333
2023,Q1,E07000093,99.69166666666666
2023,Q1,E07000094,99.35000000000001
2023,Q1,E07000095,97.90833333333335
2023,Q1,E07000096,98.47500000000001
2023,Q1,E07000098,97.77499999999999
2023,Q1,E07000099,101.36666666666667
2023,Q1,E07000102,99.35833333333333
2023,Q1,E07000103,97.15833333333335
2023,Q1,E07000105,98.51666666666667
2023,Q1,E07000106,97.55
2023,Q1,E07000107,99.075
2023,Q1,E07000108,100.58333333333333
2023,Q1,E07000109,96.75
2023,Q1,E07000110,98.94166666666666
2023,Q1,E07000111,98.80833333333334
2023,Q1,E07000113,96.72500000000001
2023,Q1,E07000114,94.88333333333333
2023,Q1,E07000115,96.21666666666665
2023,Q1,E07000116,97.10833333333333
2023,Q1,E07000117,96.39166666666667
2023,Q1,E07000118,99.25833333333333
2023,Q1,E07000119,97.0
2023,Q1,E07000120,97.7
2023,Q1,E07000121,100.15833333333335
2023,Q1,E07000122,93.14166666666667
2023,Q1,E07000123,100.60833333333333
2023,Q1,E07000124,98.14166666666667
2023,Q1,E07000125,97.13333333333333
2023,Q1,E07000126,101.34166666666665
2023,Q1,E07000127,103.46666666666665
2023,Q1,E07000128,98.23333333333333
2023,Q1,E07000129,99.45
2023,Q1,E07000130,98.74166666666667
2023,Q1,E07000131,98.0
2023,Q1,E07000132,97.90833333333335
2023,Q1,E07000133,97.94166666666666
2023,Q1,E07000134,98.41666666666667
2023,Q1,E07000135,96.53333333333335
2023,Q1,E07000136,99.44166666666666
2023,Q1,E07000137,97.13333333333333
2023,Q1,E07000138,99.56666666666666
2023,Q1,E07000139,95.44166666666666
2023,Q1,E07000140,96.78333333333335
2023,Q1,E07000141,98.21666666666665
2023,Q1,E07000142,96.75833333333333
2023,Q1,E07000143,96.09166666666665
2023,Q1,E07000144,96.30833333333334
2023,Q1,E07000145,95.95
2023,Q1,E07000146,96.76666666666667
2023,Q1,E07000147,99.5
2023,Q1,E07000148,96.64999999999999
2023,Q1,E07000149,97.0
2023,Q1,E07000170,97.84166666666665
2023,Q1,E07000171,100.73333333333333
2023,Q1,E07000172,99.10833333333333
2023,Q1,E07000173,98.84166666666665
2023,Q1,E07000174,98.01666666666667
2023,Q1,E07000175,98.11666666666667
2023,Q1,E07000176,98.43333333333334
2023,Q1,E07000177,98.175
2023,Q1,E07000178,101.88333333333333
2023,Q1,E07000179,100.35833333333333
2023,Q1,E07000180,98.28333333333335
2023,Q1,E07000181,98.39999999999999
2023,Q1,E07000192,99.06666666666666
2023,Q1,E07000193,98.825
2023,Q1,E07000194,97.66666666666667
2023,Q1,E07000195,97.74166666666667
2023,Q1,E07000196,100.35833333333333
2023,Q1,E07000197,100.77499999999999
2023,Q1,E07000198,96.86666666666667
2023,Q1,E07000199,99.8
2023,Q1,E07000200,100.31666666666666
2023,Q1,E07000202,97.25833333333333
2023,Q1,E07000203,96.66666666666667
2023,Q1,E07000207,96.51666666666667
2023,Q1,E07000208,98.46666666666665
2023,Q1,E07000209,100.29166666666667
2023,Q1,E07000210,98.925
2023,Q1,E07000211,99.14166666666667
2023,Q1,E07000212,96.46666666666665
2023,Q1,E07000213,97.40833333333335
2023,Q1,E07000214,96.58333333333333
2023,Q1,E07000215,99.21666666666665
2023,Q1,E07000216,97.29166666666667
2023,Q1,E07000217,98.69166666666666
2023,Q1,E07000218,99.80833333333334
2023,Q1,E07000219,98.2
2023,Q1,E07000220,100.2
2023,Q1,E07000221,97.78333333333335
2023,Q1,E07000222,99.52499999999999
2023,Q1,E07000223,99.60000000000001
2023,Q1,E07000224,97.06666666666666
2023,Q1,E07000225,100.675
2023,Q1,E07000226,99.175
2023,Q1,E07000227,98.5
2023,Q1,E07000228,97.86666666666667
2023,Q1,E07000229,99.21666666666665
2023,Q1,E07000234,98.41666666666667
2023,Q1,E07000235,97.09166666666665
2023,Q1,E07000236,99.3
2023,Q1,E07000237,98.60833333333333
2023,Q1,E07000238,98.675
2023,Q1,E07000239,99.91666666666667
2023,Q1,E07000240,97.72500000000001
2023,Q1,E07000241,98.425
2023,Q1,E07000242,98.58333333333333
2023,Q1,E07000243,98.05
2023,Q1,E07000244,96.575
2023,Q1,E07000245,97.39999999999999
2023,Q1,E08000001,98.96666666666665
2023,Q1,E08000002,99.36666666666667
2023,Q1,E08000003,100.78333333333335
2023,Q1,E08000004,100.23333333333333
2023,Q1,E08000005,98.74166666666667
2023,Q1,E08000006,97.86666666666667
2023,Q1,E08000007,98.24166666666667
2023,Q1,E08000008,99.85000000000001
2023,Q1,E08000009,99.21666666666665
2023,Q1,E08000010,97.125
2023,Q1,E08000011,99.25
2023,Q1,E08000012,99.52499999999999
2023,Q1,E08000014,99.2
2023,Q1,E08000015,99.375
2023,Q1,E08000017,97.85000000000001
2023,Q1,E08000018,97.50833333333333
2023,Q1,E08000021,100.28333333333335
2023,Q1,E08000022,99.5
2023,Q1,E08000023,99.47500000000001
2023,Q1,E08000024,99.73333333333333
2023,Q1,E08000025,97.325
2023,Q1,E08000026,98.38333333333333
2023,Q1,E08000027,99.30833333333334
2023,Q1,E08000028,100.875
2023,Q1,E08000029,99.25833333333333
2023,Q1,E08000030,101.00833333333333
2023,Q1,E08000031,97.79166666666667
2023,Q1,E08000032,98.5
2023,Q1,E08000033,99.325
2023,Q1,E08000034,98.28333333333335
2023,Q1,E08000035,99.3
2023,Q1,E08000036,98.40833333333335
2023,Q1,E08000037,100.16666666666667
2023,Q1,E08000038,100.19166666666666
2023,Q1,E08000039,97.45833333333333
2023,Q1,E09000001,101.15833333333335
2023,Q1,E09000002,98.44166666666666
2023,Q1,E09000003,97.56666666666666
2023,Q1,E09000004,96.28333333333335
2023,Q1,E09000005,99.04166666666667
2023,Q1,E09000006,96.31666666666666
2023,Q1,E09000007,98.35833333333333
2023,Q1,E09000008,95.0
2023,Q1,E09000009,95.39166666666667
2023,Q1,E09000010,97.575
2023,Q1,E09000011,97.11666666666667
2023,Q1,E09000012,100.41666666666667
2023,Q1,E09000013,101.625
2023,Q1,E09000014,97.89999999999999
2023,Q1,E09000015,96.50833333333333
2023,Q1,E09000016,97.33333333333333
2023,Q1,E09000017,96.78333333333335
2023,Q1,E09000018,96.26666666666667
2023,Q1,E09000019,102.825
2023,Q1,E09000020,100.14166666666667
2023,Q1,E09000021,97.96666666666665
2023,Q1,E09000022,99.99166666666667
2023,Q1,E09000023,98.58333333333333
2023,Q1,E09000024,99.29166666666667
2023,Q1,E09000025,99.71666666666665
2023,Q1,E09000026,97.08333333333333
2023,Q1,E09000027,101.16666666666667
2023,Q1,E09000028,97.25833333333333
2023,Q1,E09000029,96.30833333333334
2023,Q1,E09000030,97.90833333333335
2023,Q1,E09000031,98.19166666666666
2023,Q1,E09000032,97.94166666666666
2023,Q1,E09000033,93.75833333333333
2024,Q1,E06000001,95.2
2024,Q1,E06000002,97.575
2024,Q1,E06000003,102.25833333333333
2024,Q1,E06000004,98.99166666666667
2024,Q1,E06000005,99.00833333333333
2024,Q1,E06000006,100.49166666666667
2024,Q1,E06000007,98.31666666666666
2024,Q1,E06000008,102.5
2024,Q1,E06000009,97.75
2024,Q1,E06000010,99.675
2024,Q1,E06000011,98.35000000000001
2024,Q1,E06000012,99.10000000000001
2024,Q1,E06000013,98.29166666666667
2024,Q1,E06000014,100.34166666666665
2024,Q1,E06000015,100.79166666666667
2024,Q1,E06000016,97.55833333333334
2024,Q1,E06000017,98.95
2024,Q1,E06000018,99.15833333333335
2024,Q1,E06000020,100.3
2024,Q1,E06000021,102.11666666666667
2024,Q1,E06000022,101.75
2024,Q1,E06000023,98.0
2024,Q1,E06000024,96.97500000000001
2024,Q1,E06000025,96.83333333333333
2024,Q1,E06000026,98.39999999999999
2024,Q1,E06000027,93.19166666666666
2024,Q1,E06000030,98.53333333333335
2024,Q1,E06000031,95.59166666666665
2024,Q1,E06000032,96.30833333333334
2024,Q1,E06000033,95.625
2024,Q1,E06000034,95.01666666666667
2024,Q1,E06000035,93.64999999999999
2024,Q1,E06000036,97.76666666666667
2024,Q1,E06000037,95.83333333333333
2024,Q1,E06000038,96.95
2024,Q1,E06000039,99.23333333333333
2024,Q1,E06000040,98.11666666666667
2024,Q1,E06000041,97.88333333333333
2024,Q1,E06000042,97.46666666666665
2024,Q1,E06000043,92.98333333333333
2024,Q1,E06000044,95.48333333333333
2024,Q1,E06000045,95.075
2024,Q1,E06000046,92.73333333333333
2024,Q1,E06000047,98.97500000000001
2024,Q1,E06000049,101.14999999999999
2024,Q1,E06000050,99.34166666666665
2024,Q1,E06000051,98.35833333333333
2024,Q1,E06000052,95.125
2024,Q1,E06000054,96.78333333333332
2024,Q1,E06000055,99.03333333333335
2024,Q1,E06000056,96.24166666666667
2024,Q1,E06000057,101.14166666666667
2024,Q1,E06000058,93.50833333333333
2024,Q1,E06000059,95.90833333333335
2024,Q1,E06000060,99.48333333333333
2024,Q1,E06000061,95.59166666666665
2024,Q1,E06000062,96.56666666666666
2024,Q1,E06000063,102.41666666666667
2024,Q1,E06000064,101.89999999999999
2024,Q1,E06000065,98.45833333333333
2024,Q1,E06000066,94.97500000000001
2024,Q1,E07000008,98.70833333333333
2024,Q1,E07000009,100.91666666666667
2024,Q1,E07000010,93.22500000000001
2024,Q1,E07000011,95.925
2024,Q1,E07000012,99.75833333333333
2024,Q1,E07000032,97.69166666666666
2024,Q1,E07000033,101.20833333333333
2024,Q1,E07000034,98.40833333333335
2024,Q1,E07000035,95.97500000000001
2024,Q1,E07000036,99.23333333333333
2024,Q1,E07000037,99.43333333333334
2024,Q1,E07000038,94.91666666666667
2024,Q1,E07000039,99.69166666666666
2024,Q1,E07000040,99.27499999999999
2024,Q1,E07000041,94.29166666666667
2024,Q1,E07000042,94.55
2024,Q1,E07000043,96.28333333333335
2024,Q1,E07000044,98.95833333333333
2024,Q1,E07000045,97.175
2024,Q1,E07000046,87.41666666666667
2024,Q1,E07000047,95.23333333333333
2024,Q1,E07000061,91.68333333333334
2024,Q1,E07000062,92.825
2024,Q1,E07000063,94.79166666666667
2024,Q1,E07000064,94.64999999999999
2024,Q1,E07000065,96.03333333333335
2024,Q1,E07000066,95.31666666666666
2024,Q1,E07000067,96.41666666666667
2024,Q1,E07000068,98.90833333333335
2024,Q1,E07000069,96.39166666666667
2024,Q1,E07000070,96.39999999999999
2024,Q1,E07000071,93.95833333333333
2024,Q1,E07000072,97.27499999999999
2024,Q1,E07000073,95.2
2024,Q1,E07000074,91.7
2024,Q1,E07000075,92.90833333333335
2024,Q1,E07000076,93.94166666666666
2024,Q1,E07000077,96.97500000000001
2024,Q1,E07000078,100.55
2024,Q1,E07000079,98.0
2024,Q1,E07000080,95.24166666666667
2024,Q1,E07000081,98.14999999999999
2024,Q1,E07000082,102.3
2024,Q1,E07000083,99.20833333333333
2024,Q1,E07000084,98.00833333333333
2024,Q1,E07000085,96.78333333333335
2024,Q1,E07000086,97.22500000000001
2024,Q1,E07000087,95.7
2024,Q1,E07000088,92.78333333333335
2024,Q1,E07000089,97.05
2024,Q1,E07000090,94.39166666666667
2024,Q1,E07000091,94.10000000000001
2024,Q1,E07000092,97.675
2024,Q1,E07000093,96.68333333333334
2024,Q1,E07000094,98.97500000000001
2024,Q1,E07000095,97.3
2024,Q1,E07000096,97.95833333333333
2024,Q1,E07000098,94.77499999999999
2024,Q1,E07000099,100.425
2024,Q1,E07000102,98.43333333333334
2024,Q1,E07000103,94.60000000000001
2024,Q1,E07000105,97.78333333333335
2024,Q1,E07000106,93.14166666666667
2024,Q1,E07000107,97.59166666666665
2024,Q1,E07000108,92.25833333333333
2024,Q1,E07000109,95.425
2024,Q1,E07000110,96.76666666666667
2024,Q1,E07000111,97.14999999999999
2024,Q1,E07000113,94.25
2024,Q1,E07000114,89.74166666666667
2024,Q1,E07000115,94.0
2024,Q1,E07000116,96.8
2024,Q1,E07000117,99.56666666666666
2024,Q1,E07000118,100.90833333333335
2024,Q1,E07000119,97.72500000000001
2024,Q1,E07000120,100.60833333333333
2024,Q1,E07000121,101.39166666666667
2024,Q1,E07000122,93.77499999999999
2024,Q1,E07000123,104.19166666666666
2024,Q1,E07000124,98.98333333333333
2024,Q1,E07000125,99.19166666666666
2024,Q1,E07000126,101.55833333333334
2024,Q1,E07000127,107.80833333333334
2024,Q1,E07000128,98.375
2024,Q1,E07000129,99.84166666666665
2024,Q1,E07000130,96.94166666666666
2024,Q1,E07000131,97.46666666666665
2024,Q1,E07000132,97.34166666666665
2024,Q1,E07000133,94.52499999999999
2024,Q1,E07000134,98.59166666666665
2024,Q1,E07000135,96.35000000000001
2024,Q1,E07000136,97.19166666666666
2024,Q1,E07000137,94.68333333333334
2024,Q1,E07000138,97.64999999999999
2024,Q1,E07000139,92.99166666666667
2024,Q1,E07000140,93.26666666666667
2024,Q1,E07000141,97.15833333333335
2024,Q1,E07000142,96.5
2024,Q1,E07000143,93.05
2024,Q1,E07000144,93.74166666666667
2024,Q1,E07000145,94.40833333333335
2024,Q1,E07000146,93.95
2024,Q1,E07000147,96.71666666666665
2024,Q1,E07000148,95.48333333333333
2024,Q1,E07000149,93.52499999999999
2024,Q1,E07000170,98.73333333333333
2024,Q1,E07000171,102.375
2024,Q1,E07000172,99.72500000000001
2024,Q1,E07000173,99.28333333333335
2024,Q1,E07000174,98.95
2024,Q1,E07000175,97.45833333333333
2024,Q1,E07000176,97.34166666666665
2024,Q1,E07000177,97.8
2024,Q1,E07000178,103.85833333333333
2024,Q1,E07000179,99.59166666666665
2024,Q1,E07000180,97.95833333333333
2024,Q1,E07000181,96.85833333333333
2024,Q1,E07000192,97.68333333333334
2024,Q1,E07000193,101.20833333333333
2024,Q1,E07000194,100.22500000000001
2024,Q1,E07000195,98.925
2024,Q1,E07000196,101.20833333333333
2024,Q1,E07000197,101.02499999999999
2024,Q1,E07000198,98.45
2024,Q1,E07000199,99.49166666666667
2024,Q1,E07000200,96.89999999999999
2024,Q1,E07000202,93.22500000000001
2024,Q1,E07000203,93.35000000000001
2024,Q1,E07000207,95.85833333333333
2024,Q1,E07000208,95.34166666666665
2024,Q1,E07000209,99.20833333333333
2024,Q1,E07000210,96.40833333333335
2024,Q1,E07000211,98.7
2024,Q1,E07000212,95.53333333333335
2024,Q1,E07000213,96.66666666666667
2024,Q1,E07000214,95.09166666666665
2024,Q1,E07000215,98.175
2024,Q1,E07000216,96.10000000000001
2024,Q1,E07000217,97.38333333333333
2024,Q1,E07000218,98.075
2024,Q1,E07000219,97.80833333333334
2024,Q1,E07000220,99.06666666666666
2024,Q1,E07000221,97.50833333333333
2024,Q1,E07000222,99.3
2024,Q1,E07000223,96.075
2024,Q1,E07000224,94.45
2024,Q1,E07000225,99.25833333333333
2024,Q1,E07000226,97.46666666666665
2024,Q1,E07000227,96.89166666666667
2024,Q1,E07000228,97.46666666666665
2024,Q1,E07000229,94.96666666666665
2024,Q1,E07000234,98.58333333333333
2024,Q1,E07000235,95.94166666666666
2024,Q1,E07000236,100.14999999999999
2024,Q1,E07000237,100.64166666666667
2024,Q1,E07000238,98.16666666666667
2024,Q1,E07000239,98.59166666666665
2024,Q1,E07000240,99.74166666666667
2024,Q1,E07000241,96.425
2024,Q1,E07000242,98.03333333333335
2024,Q1,E07000243,94.97500000000001
2024,Q1,E07000244,95.10833333333333
2024,Q1,E07000245,96.91666666666667
2024,Q1,E08000001,103.20833333333333
2024,Q1,E08000002,101.425
2024,Q1,E08000003,104.69166666666666
2024,Q1,E08000004,103.36666666666667
2024,Q1,E08000005,102.01666666666667
2024,Q1,E08000006,100.45
2024,Q1,E08000007,99.97500000000001
2024,Q1,E08000008,102.2
2024,Q1,E08000009,101.05
2024,Q1,E08000010,99.48333333333333
2024,Q1,E08000011,100.70833333333333
2024,Q1,E08000012,101.24166666666667
2024,Q1,E08000014,101.10833333333333
2024,Q1,E08000015,100.60833333333333
2024,Q1,E08000017,100.375
2024,Q1,E08000018,101.075
2024,Q1,E08000021,102.52499999999999
2024,Q1,E08000022,100.0
2024,Q1,E08000023,100.75833333333333
2024,Q1,E08000024,98.53333333333335
2024,Q1,E08000025,97.55
2024,Q1,E08000026,99.125
2024,Q1,E08000027,100.03333333333335
2024,Q1,E08000028,103.14166666666667
2024,Q1,E08000029,97.375
2024,Q1,E08000030,101.33333333333333
2024,Q1,E08000031,99.54166666666667
2024,Q1,E08000032,102.63333333333333
2024,Q1,E08000033,102.19166666666666
2024,Q1,E08000034,100.58333333333333
2024,Q1,E08000035,101.09166666666665
2024,Q1,E08000036,99.5
2024,Q1,E08000037,99.75
2024,Q1,E08000038,102.40833333333335
2024,Q1,E08000039,98.85000000000001
2024,Q1,E09000001,94.2
2024,Q1,E09000002,96.7
2024,Q1,E09000003,96.72500000000001
2024,Q1,E09000004,96.49166666666667
2024,Q1,E09000005,99.99166666666667
2024,Q1,E09000006,94.29166666666667
2024,Q1,E09000007,98.09166666666665
2024,Q1,E09000008,92.69166666666666
2024,Q1,E09000009,96.09166666666665
2024,Q1,E09000010,96.96666666666665
2024,Q1,E09000011,100.50833333333333
2024,Q1,E09000012,100.29166666666667
2024,Q1,E09000013,97.05
2024,Q1,E09000014,96.325
2024,Q1,E09000015,95.96666666666665
2024,Q1,E09000016,96.36666666666667
2024,Q1,E09000017,96.14166666666667
2024,Q1,E09000018,96.52499999999999
2024,Q1,E09000019,105.20833333333333
2024,Q1,E09000020,94.50833333333333
2024,Q1,E09000021,95.95
2024,Q1,E09000022,97.425
2024,Q1,E09000023,98.40833333333335
2024,Q1,E09000024,98.85833333333333
2024,Q1,E09000025,101.01666666666667
2024,Q1,E09000026,98.22500000000001
2024,Q1,E09000027,99.88333333333333
2024,Q1,E09000028,96.90833333333335
2024,Q1,E09000029,94.93333333333334
2024,Q1,E09000030,98.21666666666665
2024,Q1,E09000031,97.69166666666666
2024,Q1,E09000032,99.075
2024,Q1,E09000033,88.35000000000001
2025,Q1,E06000001,101.2
2025,Q1,E06000002,103.23333333333333
2025,Q1,E06000003,102.05
2025,Q1,E06000004,102.5
2025,Q1,E06000005,103.64166666666667
2025,Q1,E06000006,107.825
2025,Q1,E06000007,102.45
2025,Q1,E06000008,111.91666666666667
2025,Q1,E06000009,100.95833333333333
2025,Q1,E06000010,103.28333333333332
2025,Q1,E06000011,102.53333333333335
2025,Q1,E06000012,100.97500000000001
2025,Q1,E06000013,100.49166666666667
2025,Q1,E06000014,99.33333333333333
2025,Q1,E06000015,102.125
2025,Q1,E06000016,99.44166666666666
2025,Q1,E06000017,96.925
2025,Q1,E06000018,101.03333333333335
2025,Q1,E06000020,102.00833333333333
2025,Q1,E06000021,107.00833333333333
2025,Q1,E06000022,101.36666666666667
2025,Q1,E06000023,99.925
2025,Q1,E06000024,97.16666666666667
2025,Q1,E06000025,99.825
2025,Q1,E06000026,102.27499999999999
2025,Q1,E06000027,91.35000000000001
2025,Q1,E06000030,99.47500000000001
2025,Q1,E06000031,97.36666666666667
2025,Q1,E06000032,98.925
2025,Q1,E06000033,96.91666666666667
2025,Q1,E06000034,96.69166666666666
2025,Q1,E06000035,98.0
2025,Q1,E06000036,98.99166666666667
2025,Q1,E06000037,101.72500000000001
2025,Q1,E06000038,98.825
2025,Q1,E06000039,101.28333333333335
2025,Q1,E06000040,100.97500000000001
2025,Q1,E06000041,102.63333333333333
2025,Q1,E06000042,100.84166666666665
2025,Q1,E06000043,93.71666666666665
2025,Q1,E06000044,96.99166666666667
2025,Q1,E06000045,96.25
2025,Q1,E06000046,91.375
2025,Q1,E06000047,105.15833333333335
2025,Q1,E06000049,107.27499999999999
2025,Q1,E06000050,103.14166666666667
2025,Q1,E06000051,103.55
2025,Q1,E06000052,93.85000000000001
2025,Q1,E06000054,99.10000000000001
2025,Q1,E06000055,102.36666666666667
2025,Q1,E06000056,101.23333333333333
2025,Q1,E06000057,106.825
2025,Q1,E06000058,92.03333333333335
2025,Q1,E06000059,96.52499999999999
2025,Q1,E06000060,101.59166666666665
2025,Q1,E06000061,98.45
2025,Q1,E06000062,100.11666666666667
2025,Q1,E06000063,108.125
2025,Q1,E06000064,101.95
2025,Q1,E06000065,100.21666666666665
2025,Q1,E06000066,97.13333333333333
2025,Q1,E07000008,97.71666666666665
2025,Q1,E07000009,106.86666666666667
2025,Q1,E07000010,94.84166666666665
2025,Q1,E07000011,98.675
2025,Q1,E07000012,100.8
2025,Q1,E07000032,102.43333333333334
2025,Q1,E07000033,107.23333333333333
2025,Q1,E07000034,101.80833333333334
2025,Q1,E07000035,98.13333333333333
2025,Q1,E07000036,102.24166666666667
2025,Q1,E07000037,103.55833333333334
2025,Q1,E07000038,101.22500000000001
2025,Q1,E07000039,103.34166666666665
2025,Q1,E07000040,100.59166666666665
2025,Q1,E07000041,95.03333333333335
2025,Q1,E07000042,94.075
2025,Q1,E07000043,98.69166666666666
2025,Q1,E07000044,96.35833333333333
2025,Q1,E07000045,98.85000000000001
2025,Q1,E07000046,86.15833333333335
2025,Q1,E07000047,98.01666666666667
2025,Q1,E07000061,88.625
2025,Q1,E07000062,90.66666666666667
2025,Q1,E07000063,92.64166666666667
2025,Q1,E07000064,96.35000000000001
2025,Q1,E07000065,95.71666666666665
2025,Q1,E07000066,99.10833333333333
2025,Q1,E07000067,97.875
2025,Q1,E07000068,104.68333333333334
2025,Q1,E07000069,99.84166666666665
2025,Q1,E07000070,99.65833333333335
2025,Q1,E07000071,95.25
2025,Q1,E07000072,97.86666666666667
2025,Q1,E07000073,94.78333333333335
2025,Q1,E07000074,97.64166666666667
2025,Q1,E07000075,96.52499999999999
2025,Q1,E07000076,94.2
2025,Q1,E07000077,102.02499999999999
2025,Q1,E07000078,100.38333333333333
2025,Q1,E07000079,90.96666666666665
2025,Q1,E07000080,100.99166666666667
2025,Q1,E07000081,98.60833333333333
2025,Q1,E07000082,103.24166666666667
2025,Q1,E07000083,102.59166666666665
2025,Q1,E07000084,103.10000000000001
2025,Q1,E07000085,97.625
2025,Q1,E07000086,95.325
2025,Q1,E07000087,96.75
2025,Q1,E07000088,94.54166666666667
2025,Q1,E07000089,100.09166666666665
2025,Q1,E07000090,98.14999999999999
2025,Q1,E07000091,92.54166666666667
2025,Q1,E07000092,98.89999999999999
2025,Q1,E07000093,98.47500000000001
2025,Q1,E07000094,96.71666666666665
2025,Q1,E07000095,99.94166666666666
2025,Q1,E07000096,101.95833333333333
2025,Q1,E07000098,96.26666666666667
2025,Q1,E07000099,104.325
2025,Q1,E07000102,100.24166666666667
2025,Q1,E07000103,95.11666666666667
2025,Q1,E07000105,98.71666666666665
2025,Q1,E07000106,94.11666666666667
2025,Q1,E07000107,99.44999999999999
2025,Q1,E07000108,92.77499999999999
2025,Q1,E07000109,96.33333333333333
2025,Q1,E07000110,98.48333333333333
2025,Q1,E07000111,102.0
2025,Q1,E07000113,95.33333333333333
2025,Q1,E07000114,89.49166666666667
2025,Q1,E07000115,96.11666666666667
2025,Q1,E07000116,99.3
2025,Q1,E07000117,106.77499999999999
2025,Q1,E07000118,103.0
2025,Q1,E07000119,97.71666666666665
2025,Q1,E07000120,105.49166666666667
2025,Q1,E07000121,101.89999999999999
2025,Q1,E07000122,99.11666666666667
2025,Q1,E07000123,107.35833333333333
2025,Q1,E07000124,102.19166666666666
2025,Q1,E07000125,103.26666666666667
2025,Q1,E07000126,106.85000000000001
2025,Q1,E07000127,110.75
2025,Q1,E07000128,100.75
2025,Q1,E07000129,100.24166666666667
2025,Q1,E07000130,102.075
2025,Q1,E07000131,100.2
2025,Q1,E07000132,100.48333333333333
2025,Q1,E07000133,102.45
2025,Q1,E07000134,102.83333333333333
2025,Q1,E07000135,98.22500000000001
2025,Q1,E07000136,98.10000000000001
2025,Q1,E07000137,95.31666666666666
2025,Q1,E07000138,102.61666666666667
2025,Q1,E07000139,95.79166666666667
2025,Q1,E07000140,94.77499999999999
2025,Q1,E07000141,99.125
2025,Q1,E07000142,97.60833333333333
2025,Q1,E07000143,97.49166666666667
2025,Q1,E07000144,94.79166666666667
2025,Q1,E07000145,96.075
2025,Q1,E07000146,93.06666666666666
2025,Q1,E07000147,94.30833333333334
2025,Q1,E07000148,93.84166666666665
2025,Q1,E07000149,97.25
2025,Q1,E07000170,99.60833333333333
2025,Q1,E07000171,108.53333333333335
2025,Q1,E07000172,104.64999999999999
2025,Q1,E07000173,101.20833333333333
2025,Q1,E07000174,103.01666666666667
2025,Q1,E07000175,100.175
2025,Q1,E07000176,102.175
2025,Q1,E07000177,100.04166666666667
2025,Q1,E07000178,104.16666666666667
2025,Q1,E07000179,101.47500000000001
2025,Q1,E07000180,104.01666666666667
2025,Q1,E07000181,102.47500000000001
2025,Q1,E07000192,103.825
2025,Q1,E07000193,105.77499999999999
2025,Q1,E07000194,105.22500000000001
2025,Q1,E07000195,104.88333333333333
2025,Q1,E07000196,106.16666666666667
2025,Q1,E07000197,106.25833333333333
2025,Q1,E07000198,101.63333333333333
2025,Q1,E07000199,101.30833333333334
2025,Q1,E07000200,100.26666666666667
2025,Q1,E07000202,95.55
2025,Q1,E07000203,94.60000000000001
2025,Q1,E07000207,99.74166666666667
2025,Q1,E07000208,97.60833333333333
2025,Q1,E07000209,102.39999999999999
2025,Q1,E07000210,100.14999999999999
2025,Q1,E07000211,100.05833333333334
2025,Q1,E07000212,96.90833333333335
2025,Q1,E07000213,102.0
2025,Q1,E07000214,97.58333333333333
2025,Q1,E07000215,95.71666666666665
2025,Q1,E07000216,99.94166666666666
2025,Q1,E07000217,97.47500000000001
2025,Q1,E07000218,100.03333333333335
2025,Q1,E07000219,101.04166666666667
2025,Q1,E07000220,101.77499999999999
2025,Q1,E07000221,102.76666666666667
2025,Q1,E07000222,103.41666666666667
2025,Q1,E07000223,101.06666666666666
2025,Q1,E07000224,94.63333333333333
2025,Q1,E07000225,100.02499999999999
2025,Q1,E07000226,102.47500000000001
2025,Q1,E07000227,101.675
2025,Q1,E07000228,101.14166666666667
2025,Q1,E07000229,94.85000000000001
2025,Q1,E07000234,100.63333333333333
2025,Q1,E07000235,96.79166666666667
2025,Q1,E07000236,101.78333333333335
2025,Q1,E07000237,102.03333333333335
2025,Q1,E07000238,100.78333333333335
2025,Q1,E07000239,101.95833333333333
2025,Q1,E07000240,101.15833333333335
2025,Q1,E07000241,96.76666666666667
2025,Q1,E07000242,101.58333333333333
2025,Q1,E07000243,96.11666666666667
2025,Q1,E07000244,94.425
2025,Q1,E07000245,95.53333333333335
2025,Q1,E08000001,107.19166666666666
2025,Q1,E08000002,105.05833333333334
2025,Q1,E08000003,106.14166666666667
2025,Q1,E08000004,113.38333333333333
2025,Q1,E08000005,108.60000000000001
2025,Q1,E08000006,105.64999999999999
2025,Q1,E08000007,103.65833333333335
2025,Q1,E08000008,106.91666666666667
2025,Q1,E08000009,104.00833333333333
2025,Q1,E08000010,104.3
2025,Q1,E08000011,106.825
2025,Q1,E08000012,109.22500000000001
2025,Q1,E08000014,106.28333333333335
2025,Q1,E08000015,104.13333333333334
2025,Q1,E08000017,105.26666666666667
2025,Q1,E08000018,106.25833333333333
2025,Q1,E08000021,108.675
2025,Q1,E08000022,104.51666666666667
2025,Q1,E08000023,104.90833333333335
2025,Q1,E08000024,104.675
2025,Q1,E08000025,99.60833333333333
2025,Q1,E08000026,101.66666666666667
2025,Q1,E08000027,103.53333333333335
2025,Q1,E08000028,106.875
2025,Q1,E08000029,99.825
2025,Q1,E08000030,105.35000000000001
2025,Q1,E08000031,103.93333333333334
2025,Q1,E08000032,107.98333333333333
2025,Q1,E08000033,108.46666666666665
2025,Q1,E08000034,106.23333333333333
2025,Q1,E08000035,105.03333333333335
2025,Q1,E08000036,102.98333333333333
2025,Q1,E08000037,102.95
2025,Q1,E08000038,106.68333333333334
2025,Q1,E08000039,101.53333333333335
2025,Q1,E09000001,90.36666666666667
2025,Q1,E09000002,101.64999999999999
2025,Q1,E09000003,95.44166666666666
2025,Q1,E09000004,97.95833333333333
2025,Q1,E09000005,99.35000000000001
2025,Q1,E09000006,99.7
2025,Q1,E09000007,99.14166666666667
2025,Q1,E09000008,93.21666666666665
2025,Q1,E09000009,97.35000000000001
2025,Q1,E09000010,99.38333333333333
2025,Q1,E09000011,99.15833333333335
2025,Q1,E09000012,102.10833333333333
2025,Q1,E09000013,93.31666666666666
2025,Q1,E09000014,99.01666666666667
2025,Q1,E09000015,98.075
2025,Q1,E09000016,101.58333333333333
2025,Q1,E09000017,99.24166666666666
2025,Q1,E09000018,98.47500000000001
2025,Q1,E09000019,105.75833333333333
2025,Q1,E09000020,91.825
2025,Q1,E09000021,97.00833333333333
2025,Q1,E09000022,95.93333333333334
2025,Q1,E09000023,103.49166666666667
2025,Q1,E09000024,101.55
2025,Q1,E09000025,96.47500000000001
2025,Q1,E09000026,103.22500000000001
2025,Q1,E09000027,103.89999999999999
2025,Q1,E09000028,99.65833333333335
2025,Q1,E09000029,98.80833333333334
2025,Q1,E09000030,96.64166666666667
2025,Q1,E09000031,102.14999999999999
2025,Q1,E09000032,96.19166666666666
2025,Q1,E09000033,81.59166666666667
2026,Q1,E06000001,102.7
2026,Q1,E06000002,104.5
2026,Q1,E06000003,102.9
2026,Q1,E06000004,102.8
2026,Q1,E06000005,108.9
2026,Q1,E06000006,112.2
2026,Q1,E06000007,105.3
2026,Q1,E06000008,106.0
2026,Q1,E06000009,103.9
2026,Q1,E06000010,103.7
2026,Q1,E06000011,104.0
2026,Q1,E06000012,105.4
2026,Q1,E06000013,102.7
2026,Q1,E06000014,101.3
2026,Q1,E06000015,102.9
2026,Q1,E06000016,99.7
2026,Q1,E06000017,94.0
2026,Q1,E06000018,101.6
2026,Q1,E06000020,102.3
2026,Q1,E06000021,106.8
2026,Q1,E06000022,99.6
2026,Q1,E06000023,100.2
2026,Q1,E06000024,100.4
2026,Q1,E06000025,99.7
2026,Q1,E06000026,103.5
2026,Q1,E06000027,91.1
2026,Q1,E06000030,101.1
2026,Q1,E06000031,99.5
2026,Q1,E06000032,98.2
2026,Q1,E06000033,99.8
2026,Q1,E06000034,98.2
2026,Q1,E06000035,98.8
2026,Q1,E06000036,96.2
2026,Q1,E06000037,101.7
2026,Q1,E06000038,98.3
2026,Q1,E06000039,100.2
2026,Q1,E06000040,97.3
2026,Q1,E06000041,101.4
2026,Q1,E06000042,100.9
2026,Q1,E06000043,92.4
2026,Q1,E06000044,95.0
2026,Q1,E06000045,95.3
2026,Q1,E06000046,89.1
2026,Q1,E06000047,108.0
2026,Q1,E06000049,108.5
2026,Q1,E06000050,106.5
2026,Q1,E06000051,104.8
2026,Q1,E06000052,92.7
2026,Q1,E06000054,100.9
2026,Q1,E06000055,103.8
2026,Q1,E06000056,102.9
2026,Q1,E06000057,111.6
2026,Q1,E06000058,90.5
2026,Q1,E06000059,96.0
2026,Q1,E06000060,101.6
2026,Q1,E06000061,100.7
2026,Q1,E06000062,101.9
2026,Q1,E06000063,112.4
2026,Q1,E06000064,103.1
2026,Q1,E06000065,101.6
2026,Q1,E06000066,98.5
2026,Q1,E07000008,96.4
2026,Q1,E07000009,108.2
2026,Q1,E07000010,98.5
2026,Q1,E07000011,100.7
2026,Q1,E07000012,100.8
2026,Q1,E07000032,103.2
2026,Q1,E07000033,112.1
2026,Q1,E07000034,103.7
2026,Q1,E07000035,101.0
2026,Q1,E07000036,102.8
2026,Q1,E07000037,109.0
2026,Q1,E07000038,101.9
2026,Q1,E07000039,102.7
2026,Q1,E07000040,99.9
2026,Q1,E07000041,92.6
2026,Q1,E07000042,96.3
2026,Q1,E07000043,99.0
2026,Q1,E07000044,92.7
2026,Q1,E07000045,98.6
2026,Q1,E07000046,88.6
2026,Q1,E07000047,104.9
2026,Q1,E07000061,86.2
2026,Q1,E07000062,86.3
2026,Q1,E07000063,90.4
2026,Q1,E07000064,95.5
2026,Q1,E07000065,95.5
2026,Q1,E07000066,98.7
2026,Q1,E07000067,100.1
2026,Q1,E07000068,102.8
2026,Q1,E07000069,100.3
2026,Q1,E07000070,98.9
2026,Q1,E07000071,95.3
2026,Q1,E07000072,99.5
2026,Q1,E07000073,96.2
2026,Q1,E07000074,99.6
2026,Q1,E07000075,98.9
2026,Q1,E07000076,92.6
2026,Q1,E07000077,103.9
2026,Q1,E07000078,101.8
2026,Q1,E07000079,90.6
2026,Q1,E07000080,103.8
2026,Q1,E07000081,100.7
2026,Q1,E07000082,100.3
2026,Q1,E07000083,107.7
2026,Q1,E07000084,105.6
2026,Q1,E07000085,98.4
2026,Q1,E07000086,95.9
2026,Q1,E07000087,96.4
2026,Q1,E07000088,95.9
2026,Q1,E07000089,103.4
2026,Q1,E07000090,100.5
2026,Q1,E07000091,91.8
2026,Q1,E07000092,98.7
2026,Q1,E07000093,97.1
2026,Q1,E07000094,96.0
2026,Q1,E07000095,100.1
2026,Q1,E07000096,103.7
2026,Q1,E07000098,98.0
2026,Q1,E07000099,105.1
2026,Q1,E07000102,101.3
2026,Q1,E07000103,94.5
2026,Q1,E07000105,99.2
2026,Q1,E07000106,95.3
2026,Q1,E07000107,98.7
2026,Q1,E07000108,94.5
2026,Q1,E07000109,97.3
2026,Q1,E07000110,101.2
2026,Q1,E07000111,103.5
2026,Q1,E07000113,96.2
2026,Q1,E07000114,86.5
2026,Q1,E07000115,97.0
2026,Q1,E07000116,100.3
2026,Q1,E07000117,108.1
2026,Q1,E07000118,105.1
2026,Q1,E07000119,98.8
2026,Q1,E07000120,109.5
2026,Q1,E07000121,103.6
2026,Q1,E07000122,103.0
2026,Q1,E07000123,112.2
2026,Q1,E07000124,103.1
2026,Q1,E07000125,109.0
2026,Q1,E07000126,108.0
2026,Q1,E07000127,112.3
2026,Q1,E07000128,105.7
2026,Q1,E07000129,102.6
2026,Q1,E07000130,105.2
2026,Q1,E07000131,103.3
2026,Q1,E07000132,102.4
2026,Q1,E07000133,100.5
2026,Q1,E07000134,104.0
2026,Q1,E07000135,102.5
2026,Q1,E07000136,100.4
2026,Q1,E07000137,98.2
2026,Q1,E07000138,103.8
2026,Q1,E07000139,99.2
2026,Q1,E07000140,94.5
2026,Q1,E07000141,100.5
2026,Q1,E07000142,99.7
2026,Q1,E07000143,99.1
2026,Q1,E07000144,97.9
2026,Q1,E07000145,95.6
2026,Q1,E07000146,95.5
2026,Q1,E07000147,90.5
2026,Q1,E07000148,92.9
2026,Q1,E07000149,97.5
2026,Q1,E07000170,100.7
2026,Q1,E07000171,110.0
2026,Q1,E07000172,104.2
2026,Q1,E07000173,105.3
2026,Q1,E07000174,104.0
2026,Q1,E07000175,105.2
2026,Q1,E07000176,104.2
2026,Q1,E07000177,101.9
2026,Q1,E07000178,102.2
2026,Q1,E07000179,102.4
2026,Q1,E07000180,107.4
2026,Q1,E07000181,102.2
2026,Q1,E07000192,105.5
2026,Q1,E07000193,108.1
2026,Q1,E07000194,105.1
2026,Q1,E07000195,107.6
2026,Q1,E07000196,104.6
2026,Q1,E07000197,109.4
2026,Q1,E07000198,102.2
2026,Q1,E07000199,104.6
2026,Q1,E07000200,101.5
2026,Q1,E07000202,93.2
2026,Q1,E07000203,95.7
2026,Q1,E07000207,99.9
2026,Q1,E07000208,97.2
2026,Q1,E07000209,99.7
2026,Q1,E07000210,105.7
2026,Q1,E07000211,95.8
2026,Q1,E07000212,95.5
2026,Q1,E07000213,98.5
2026,Q1,E07000214,100.5
2026,Q1,E07000215,91.9
2026,Q1,E07000216,98.1
2026,Q1,E07000217,96.4
2026,Q1,E07000218,99.5
2026,Q1,E07000219,103.8
2026,Q1,E07000220,102.2
2026,Q1,E07000221,104.5
2026,Q1,E07000222,104.6
2026,Q1,E07000223,103.2
2026,Q1,E07000224,93.0
2026,Q1,E07000225,98.8
2026,Q1,E07000226,103.6
2026,Q1,E07000227,103.1
2026,Q1,E07000228,101.6
2026,Q1,E07000229,93.7
2026,Q1,E07000234,101.4
2026,Q1,E07000235,97.4
2026,Q1,E07000236,100.0
2026,Q1,E07000237,102.5
2026,Q1,E07000238,103.4
2026,Q1,E07000239,100.8
2026,Q1,E07000240,100.7
2026,Q1,E07000241,97.0
2026,Q1,E07000242,104.9
2026,Q1,E07000243,97.6
2026,Q1,E07000244,94.1
2026,Q1,E07000245,95.3
2026,Q1,E08000001,109.2
2026,Q1,E08000002,107.6
2026,Q1,E08000003,109.7
2026,Q1,E08000004,116.6
2026,Q1,E08000005,111.2
2026,Q1,E08000006,104.1
2026,Q1,E08000007,106.0
2026,Q1,E08000008,107.7
2026,Q1,E08000009,105.9
2026,Q1,E08000010,105.4
2026,Q1,E08000011,107.4
2026,Q1,E08000012,111.9
2026,Q1,E08000014,110.6
2026,Q1,E08000015,110.8
2026,Q1,E08000017,110.0
2026,Q1,E08000018,107.7
2026,Q1,E08000021,112.0
2026,Q1,E08000022,105.9
2026,Q1,E08000023,109.1
2026,Q1,E08000024,108.2
2026,Q1,E08000025,99.4
2026,Q1,E08000026,103.1
2026,Q1,E08000027,106.4
2026,Q1,E08000028,106.1
2026,Q1,E08000029,101.9
2026,Q1,E08000030,108.0
2026,Q1,E08000031,105.6
2026,Q1,E08000032,111.6
2026,Q1,E08000033,111.0
2026,Q1,E08000034,108.3
2026,Q1,E08000035,107.6
2026,Q1,E08000036,105.7
2026,Q1,E08000037,102.1
2026,Q1,E08000038,109.8
2026,Q1,E08000039,103.4
2026,Q1,E09000001,84.4
2026,Q1,E09000002,102.1
2026,Q1,E09000003,92.0
2026,Q1,E09000004,99.3
2026,Q1,E09000005,97.8
2026,Q1,E09000006,100.3
2026,Q1,E09000007,92.3
2026,Q1,E09000008,91.9
2026,Q1,E09000009,98.0
2026,Q1,E09000010,98.9
2026,Q1,E09000011,101.4
2026,Q1,E09000012,101.8
2026,Q1,E09000013,86.4
2026,Q1,E09000014,99.8
2026,Q1,E09000015,98.2
2026,Q1,E09000016,102.7
2026,Q1,E09000017,100.1
2026,Q1,E09000018,95.7
2026,Q1,E09000019,103.7
2026,Q1,E09000020,81.3
2026,Q1,E09000021,97.0
2026,Q1,E09000022,94.1
2026,Q1,E09000023,104.3
2026,Q1,E09000024,100.6
2026,Q1,E09000025,94.6
2026,Q1,E09000026,108.1
2026,Q1,E09000027,101.8
2026,Q1,E09000028,98.9
2026,Q1,E09000029,98.8
2026,Q1,E09000030,89.8
2026,Q1,E09000031,102.2
2026,Q1,E09000032,93.6
2026,Q1,E09000033,74.5
