feature,intended_type,actual_pandas_dtype,feature_group,missing_rate_all_rows,nunique_all_rows
average_house_price_lag1q,float32_numeric,float64,house price / housing,0.038876889848812095,6661
average_house_price_lag2q,float32_numeric,float64,house price / housing,0.038876889848812095,6661
average_house_price_lag4q,float32_numeric,float64,house price / housing,0.038876889848812095,6660
average_house_price_lag8q,float32_numeric,float64,house price / housing,0.038876889848812095,6658
average_house_price_monthly_change_lag1q,float32_numeric,float64,house price / housing,0.038876889848812095,442
average_house_price_monthly_change_lag2q,float32_numeric,float64,house price / housing,0.038876889848812095,441
average_house_price_monthly_change_lag4q,float32_numeric,float64,house price / housing,0.038876889848812095,442
average_house_price_monthly_change_lag8q,float32_numeric,float64,house price / housing,0.038876889848812095,435
average_house_price_annual_change_lag1q,float32_numeric,float64,house price / housing,0.038876889848812095,1035
average_house_price_annual_change_lag8q,float32_numeric,float64,house price / housing,0.038876889848812095,971
house_price_index_lag1q,float32_numeric,float64,house price / housing,0.038876889848812095,1130
house_price_index_lag2q,float32_numeric,float64,house price / housing,0.038876889848812095,1148
house_price_index_lag4q,float32_numeric,float64,house price / housing,0.038876889848812095,1138
house_price_index_lag8q,float32_numeric,float64,house price / housing,0.038876889848812095,1231
house_sales_volume_lag1q,float32_numeric,float64,house price / housing,0.038876889848812095,1525
house_sales_volume_lag2q,float32_numeric,float64,house price / housing,0.038876889848812095,1529
house_sales_volume_lag4q,float32_numeric,float64,house price / housing,0.038876889848812095,1526
house_sales_volume_lag8q,float32_numeric,float64,house price / housing,0.038876889848812095,1575
unemployment_count_lag1q,float32_numeric,float64,unemployment,0.616414686825054,2303
unemployment_count_lag2q,float32_numeric,float64,unemployment,0.616414686825054,2307
unemployment_count_lag4q,float32_numeric,float64,unemployment,0.616414686825054,2285
unemployment_count_lag8q,float32_numeric,float64,unemployment,0.616414686825054,2257
private_rental_price_index_lag1q,float32_numeric,float64,rent,0.06882649388048956,6467
private_rental_price_index_lag2q,float32_numeric,float64,rent,0.06882649388048956,6467
private_rental_price_index_lag4q,float32_numeric,float64,rent,0.06882649388048956,6467
private_rental_price_index_lag8q,float32_numeric,float64,rent,0.06882649388048956,6466
private_rental_price_monthly_change_lag1q,float32_numeric,float64,rent,0.06882649388048956,6460
private_rental_price_monthly_change_lag2q,float32_numeric,float64,rent,0.06882649388048956,6461
private_rental_price_monthly_change_lag4q,float32_numeric,float64,rent,0.06882649388048956,6461
average_private_rental_price_lag1q,float32_numeric,float64,rent,0.06882649388048956,3013
average_private_rental_price_lag2q,float32_numeric,float64,rent,0.06882649388048956,2973
average_private_rental_price_lag4q,float32_numeric,float64,rent,0.06882649388048956,2925
average_private_rental_price_lag8q,float32_numeric,float64,rent,0.06882649388048956,2827
gbp_index_lag1q,float32_numeric,float64,market / FX,0.00043196544276457883,43
gbp_index_lag2q,float32_numeric,float64,market / FX,0.004751619870410367,42
gbp_index_lag4q,float32_numeric,float64,market / FX,0.013390928725701945,38
gbp_index_lag8q,float32_numeric,float64,market / FX,0.025773938084953204,33
ftse_100_lag1q,float32_numeric,float64,market / FX,0.00043196544276457883,44
ftse_100_lag2q,float32_numeric,float64,market / FX,0.004751619870410367,43
ftse_100_lag4q,float32_numeric,float64,market / FX,0.013390928725701945,39
ftse_100_lag8q,float32_numeric,float64,market / FX,0.025773938084953204,34
income_lag1q,float32_numeric,float64,income / affordability,0.4426205903527718,1097
income_lag2q,float32_numeric,float64,income / affordability,0.40259179265658745,1103
income_lag4q,float32_numeric,float64,income / affordability,0.320374370050396,1370
income_lag8q,float32_numeric,float64,income / affordability,0.15593952483801296,1633
uk_bank_rate_lag1q,float32_numeric,float64,interest rate,0.00043196544276457883,22
uk_bank_rate_lag2q,float32_numeric,float64,interest rate,0.004751619870410367,20
uk_bank_rate_lag4q,float32_numeric,float64,interest rate,0.013390928725701945,16
uk_bank_rate_lag8q,float32_numeric,float64,interest rate,0.025773938084953204,17
brent_oil_price_lag1q,float32_numeric,float64,oil / energy proxy,0.00043196544276457883,44
brent_oil_price_lag2q,float32_numeric,float64,oil / energy proxy,0.004751619870410367,43
brent_oil_price_lag4q,float32_numeric,float64,oil / energy proxy,0.013390928725701945,39
brent_oil_price_lag8q,float32_numeric,float64,oil / energy proxy,0.025773938084953204,34
population_lag4q,float32_numeric,float64,population / scale,0.031821454283657305,2011
internal_net_migration_lag1q,float32_numeric,float64,migration,0.11461483081353492,1495
internal_net_migration_lag2q,float32_numeric,float64,migration,0.07300215982721382,1499
internal_net_migration_lag4q,float32_numeric,float64,migration,0.031821454283657305,1688
internal_net_migration_lag8q,float32_numeric,float64,migration,0.03153347732181425,1683
international_net_migration_lag1q,float32_numeric,float64,migration,0.11461483081353492,1251
international_net_migration_lag2q,float32_numeric,float64,migration,0.07300215982721382,1254
international_net_migration_lag4q,float32_numeric,float64,migration,0.031821454283657305,1350
international_net_migration_lag8q,float32_numeric,float64,migration,0.03153347732181425,1263
cpi_00_all_items_lag1q,float32_numeric,float64,CPI total,0.00043196544276457883,41
cpi_00_all_items_lag2q,float32_numeric,float64,CPI total,0.004751619870410367,40
cpi_00_all_items_lag4q,float32_numeric,float64,CPI total,0.013390928725701945,36
cpi_00_all_items_lag8q,float32_numeric,float64,CPI total,0.025773938084953204,32
house_price_to_income_lag1q,float32_numeric,float64,house price / housing,0.4479481641468683,3834
house_price_to_income_lag2q,float32_numeric,float64,house price / housing,0.40791936645068394,4112
house_price_to_income_lag4q,float32_numeric,float64,house price / housing,0.326133909287257,4680
house_price_to_income_lag8q,float32_numeric,float64,house price / housing,0.16342692584593232,5810
annual_rent_to_income_lag1q,float32_numeric,float64,rent,0.4652267818574514,3672
annual_rent_to_income_lag2q,float32_numeric,float64,rent,0.42649388048956083,3933
annual_rent_to_income_lag4q,float32_numeric,float64,rent,0.34730021598272137,4473
annual_rent_to_income_lag8q,float32_numeric,float64,rent,0.1896328293736501,5547
unemployment_per_1000_lag1q,float32_numeric,float64,unemployment,0.6502519798416126,2426
unemployment_per_1000_lag2q,float32_numeric,float64,unemployment,0.6332613390928725,2543
unemployment_per_1000_lag4q,float32_numeric,float64,unemployment,0.6167026637868971,2659
unemployment_per_1000_lag8q,float32_numeric,float64,unemployment,0.6167026637868971,2657
log1p_average_house_price_lag1q,float32_numeric,float64,house price / housing,0.038876889848812095,6661
log1p_average_house_price_lag2q,float32_numeric,float64,house price / housing,0.038876889848812095,6661
log1p_average_house_price_lag4q,float32_numeric,float64,house price / housing,0.038876889848812095,6660
log1p_average_house_price_lag8q,float32_numeric,float64,house price / housing,0.038876889848812095,6658
log1p_house_price_index_lag1q,float32_numeric,float64,house price / housing,0.038876889848812095,1034
log1p_house_price_index_lag2q,float32_numeric,float64,house price / housing,0.038876889848812095,1045
log1p_house_price_index_lag4q,float32_numeric,float64,house price / housing,0.038876889848812095,1037
log1p_house_price_index_lag8q,float32_numeric,float64,house price / housing,0.038876889848812095,1109
log1p_house_sales_volume_lag1q,float32_numeric,float64,house price / housing,0.038876889848812095,1525
log1p_house_sales_volume_lag2q,float32_numeric,float64,house price / housing,0.038876889848812095,1529
log1p_house_sales_volume_lag4q,float32_numeric,float64,house price / housing,0.038876889848812095,1526
log1p_house_sales_volume_lag8q,float32_numeric,float64,house price / housing,0.038876889848812095,1575
log1p_unemployment_count_lag1q,float32_numeric,float64,unemployment,0.616414686825054,2303
log1p_unemployment_count_lag2q,float32_numeric,float64,unemployment,0.616414686825054,2307
log1p_unemployment_count_lag4q,float32_numeric,float64,unemployment,0.616414686825054,2285
log1p_unemployment_count_lag8q,float32_numeric,float64,unemployment,0.616414686825054,2257
log1p_private_rental_price_index_lag1q,float32_numeric,float64,rent,0.06882649388048956,6467
log1p_private_rental_price_index_lag2q,float32_numeric,float64,rent,0.06882649388048956,6467
log1p_private_rental_price_index_lag4q,float32_numeric,float64,rent,0.06882649388048956,6467
log1p_private_rental_price_index_lag8q,float32_numeric,float64,rent,0.06882649388048956,6466
log1p_average_private_rental_price_lag1q,float32_numeric,float64,rent,0.06882649388048956,3013
log1p_average_private_rental_price_lag2q,float32_numeric,float64,rent,0.06882649388048956,2973
log1p_average_private_rental_price_lag4q,float32_numeric,float64,rent,0.06882649388048956,2925
log1p_average_private_rental_price_lag8q,float32_numeric,float64,rent,0.06882649388048956,2827
log1p_income_lag1q,float32_numeric,float64,income / affordability,0.4426205903527718,1097
log1p_income_lag2q,float32_numeric,float64,income / affordability,0.40259179265658745,1103
log1p_income_lag4q,float32_numeric,float64,income / affordability,0.320374370050396,1370
log1p_income_lag8q,float32_numeric,float64,income / affordability,0.15593952483801296,1633
log1p_brent_oil_price_lag1q,float32_numeric,float64,oil / energy proxy,0.00043196544276457883,44
log1p_brent_oil_price_lag2q,float32_numeric,float64,oil / energy proxy,0.004751619870410367,43
log1p_brent_oil_price_lag4q,float32_numeric,float64,oil / energy proxy,0.013390928725701945,39
log1p_brent_oil_price_lag8q,float32_numeric,float64,oil / energy proxy,0.025773938084953204,34
log1p_population_lag4q,float32_numeric,float64,population / scale,0.031821454283657305,2011
log1p_cpi_00_all_items_lag1q,float32_numeric,float64,CPI total,0.00043196544276457883,41
log1p_cpi_00_all_items_lag2q,float32_numeric,float64,CPI total,0.004751619870410367,40
log1p_cpi_00_all_items_lag4q,float32_numeric,float64,CPI total,0.013390928725701945,36
log1p_cpi_00_all_items_lag8q,float32_numeric,float64,CPI total,0.025773938084953204,32
log1p_house_price_to_income_lag1q,float32_numeric,float64,house price / housing,0.4479481641468683,3834
log1p_house_price_to_income_lag2q,float32_numeric,float64,house price / housing,0.40791936645068394,4112
log1p_house_price_to_income_lag4q,float32_numeric,float64,house price / housing,0.326133909287257,4680
log1p_house_price_to_income_lag8q,float32_numeric,float64,house price / housing,0.16342692584593232,5810
log1p_annual_rent_to_income_lag1q,float32_numeric,float64,rent,0.4652267818574514,3672
log1p_annual_rent_to_income_lag2q,float32_numeric,float64,rent,0.42649388048956083,3933
log1p_annual_rent_to_income_lag4q,float32_numeric,float64,rent,0.34730021598272137,4473
log1p_annual_rent_to_income_lag8q,float32_numeric,float64,rent,0.1896328293736501,5547
log1p_unemployment_per_1000_lag1q,float32_numeric,float64,unemployment,0.6502519798416126,2426
log1p_unemployment_per_1000_lag2q,float32_numeric,float64,unemployment,0.6332613390928725,2543
log1p_unemployment_per_1000_lag4q,float32_numeric,float64,unemployment,0.6167026637868971,2659
log1p_unemployment_per_1000_lag8q,float32_numeric,float64,unemployment,0.6167026637868971,2657
average_house_price_qoq_pct_lag4q,float32_numeric,float64,house price / housing,0.038876889848812095,6675
average_house_price_qoq_pct_lag8q,float32_numeric,float64,house price / housing,0.038876889848812095,6675
average_house_price_monthly_change_qoq_pct_lag1q,float32_numeric,float64,house price / housing,0.04722822174226062,3412
average_house_price_monthly_change_qoq_pct_lag2q,float32_numeric,float64,house price / housing,0.047372210223182144,3404
average_house_price_monthly_change_qoq_pct_lag4q,float32_numeric,float64,house price / housing,0.0482361411087113,3421
average_house_price_monthly_change_qoq_pct_lag8q,float32_numeric,float64,house price / housing,0.04794816414686825,3386
average_house_price_monthly_change_yoy_pct_lag1q,float32_numeric,float64,house price / housing,0.0482361411087113,3410
average_house_price_monthly_change_yoy_pct_lag2q,float32_numeric,float64,house price / housing,0.047804175665946726,3396
average_house_price_monthly_change_yoy_pct_lag4q,float32_numeric,float64,house price / housing,0.04809215262778978,3392
average_house_price_monthly_change_yoy_pct_lag8q,float32_numeric,float64,house price / housing,0.047804175665946726,3368
average_house_price_annual_change_qoq_pct_lag1q,float32_numeric,float64,house price / housing,0.04017278617710583,5920
average_house_price_annual_change_qoq_pct_lag2q,float32_numeric,float64,house price / housing,0.04017278617710583,5910
average_house_price_annual_change_qoq_pct_lag4q,float32_numeric,float64,house price / housing,0.0400287976961843,5885
average_house_price_annual_change_qoq_pct_lag8q,float32_numeric,float64,house price / housing,0.03988480921526278,5936
average_house_price_annual_change_yoy_pct_lag1q,float32_numeric,float64,house price / housing,0.0400287976961843,6127
average_house_price_annual_change_yoy_pct_lag2q,float32_numeric,float64,house price / housing,0.04017278617710583,6135
average_house_price_annual_change_yoy_pct_lag4q,float32_numeric,float64,house price / housing,0.04017278617710583,6150
average_house_price_annual_change_yoy_pct_lag8q,float32_numeric,float64,house price / housing,0.03988480921526278,6191
house_price_index_qoq_pct_lag2q,float32_numeric,float64,house price / housing,0.038876889848812095,6472
house_price_index_yoy_pct_lag2q,float32_numeric,float64,house price / housing,0.038876889848812095,6565
house_price_index_yoy_pct_lag4q,float32_numeric,float64,house price / housing,0.038876889848812095,6573
house_sales_volume_qoq_pct_lag1q,float32_numeric,float64,house price / housing,0.038876889848812095,6437
house_sales_volume_qoq_pct_lag2q,float32_numeric,float64,house price / housing,0.038876889848812095,6424
house_sales_volume_qoq_pct_lag4q,float32_numeric,float64,house price / housing,0.038876889848812095,6457
house_sales_volume_qoq_pct_lag8q,float32_numeric,float64,house price / housing,0.038876889848812095,6458
house_sales_volume_yoy_pct_lag1q,float32_numeric,float64,house price / housing,0.038876889848812095,6493
house_sales_volume_yoy_pct_lag2q,float32_numeric,float64,house price / housing,0.038876889848812095,6499
house_sales_volume_yoy_pct_lag4q,float32_numeric,float64,house price / housing,0.038876889848812095,6476
house_sales_volume_yoy_pct_lag8q,float32_numeric,float64,house price / housing,0.038876889848812095,6487
unemployment_count_yoy_pct_lag2q,float32_numeric,float64,unemployment,0.616414686825054,2661
unemployment_count_yoy_pct_lag4q,float32_numeric,float64,unemployment,0.616414686825054,2659
unemployment_count_yoy_pct_lag8q,float32_numeric,float64,unemployment,0.616414686825054,2660
private_rental_price_index_qoq_pct_lag1q,float32_numeric,float64,rent,0.06882649388048956,6467
private_rental_price_index_qoq_pct_lag4q,float32_numeric,float64,rent,0.06882649388048956,6467
private_rental_price_index_qoq_pct_lag8q,float32_numeric,float64,rent,0.06882649388048956,6467
private_rental_price_index_yoy_pct_lag1q,float32_numeric,float64,rent,0.06882649388048956,6467
private_rental_price_index_yoy_pct_lag2q,float32_numeric,float64,rent,0.06882649388048956,6467
private_rental_price_monthly_change_qoq_pct_lag1q,float32_numeric,float64,rent,0.06882649388048956,6467
private_rental_price_monthly_change_qoq_pct_lag2q,float32_numeric,float64,rent,0.06882649388048956,6467
private_rental_price_monthly_change_qoq_pct_lag4q,float32_numeric,float64,rent,0.06882649388048956,6467
private_rental_price_monthly_change_qoq_pct_lag8q,float32_numeric,float64,rent,0.06882649388048956,6467
private_rental_price_monthly_change_yoy_pct_lag1q,float32_numeric,float64,rent,0.06882649388048956,6467
private_rental_price_monthly_change_yoy_pct_lag2q,float32_numeric,float64,rent,0.06882649388048956,6467
private_rental_price_monthly_change_yoy_pct_lag4q,float32_numeric,float64,rent,0.06882649388048956,6467
private_rental_price_monthly_change_yoy_pct_lag8q,float32_numeric,float64,rent,0.06882649388048956,6467
private_rental_price_annual_change_qoq_pct_lag1q,float32_numeric,float64,rent,0.06882649388048956,6467
private_rental_price_annual_change_qoq_pct_lag2q,float32_numeric,float64,rent,0.06882649388048956,6467
private_rental_price_annual_change_qoq_pct_lag4q,float32_numeric,float64,rent,0.06882649388048956,6467
private_rental_price_annual_change_qoq_pct_lag8q,float32_numeric,float64,rent,0.06882649388048956,6467
private_rental_price_annual_change_yoy_pct_lag1q,float32_numeric,float64,rent,0.06882649388048956,6467
private_rental_price_annual_change_yoy_pct_lag2q,float32_numeric,float64,rent,0.06882649388048956,6467
private_rental_price_annual_change_yoy_pct_lag4q,float32_numeric,float64,rent,0.06882649388048956,6467
private_rental_price_annual_change_yoy_pct_lag8q,float32_numeric,float64,rent,0.06882649388048956,6467
average_private_rental_price_qoq_pct_lag2q,float32_numeric,float64,rent,0.06882649388048956,6184
average_private_rental_price_yoy_pct_lag4q,float32_numeric,float64,rent,0.06882649388048956,6340
average_private_rental_price_yoy_pct_lag8q,float32_numeric,float64,rent,0.06882649388048956,6301
gbp_index_qoq_pct_lag1q,float32_numeric,float64,market / FX,0.005183585313174946,42
gbp_index_qoq_pct_lag2q,float32_numeric,float64,market / FX,0.009503239740820735,41
gbp_index_qoq_pct_lag4q,float32_numeric,float64,market / FX,0.017278617710583154,37
gbp_index_qoq_pct_lag8q,float32_numeric,float64,market / FX,0.028509719222462204,32
gbp_index_yoy_pct_lag1q,float32_numeric,float64,market / FX,0.017710583153347732,36
gbp_index_yoy_pct_lag2q,float32_numeric,float64,market / FX,0.021454283657307414,35
gbp_index_yoy_pct_lag4q,float32_numeric,float64,market / FX,0.02706983441324694,31
gbp_index_yoy_pct_lag8q,float32_numeric,float64,market / FX,0.0367170626349892,29
ftse_100_qoq_pct_lag1q,float32_numeric,float64,market / FX,0.005183585313174946,42
ftse_100_qoq_pct_lag2q,float32_numeric,float64,market / FX,0.009503239740820735,41
ftse_100_qoq_pct_lag4q,float32_numeric,float64,market / FX,0.017278617710583154,37
ftse_100_qoq_pct_lag8q,float32_numeric,float64,market / FX,0.028509719222462204,32
ftse_100_yoy_pct_lag1q,float32_numeric,float64,market / FX,0.017710583153347732,36
ftse_100_yoy_pct_lag4q,float32_numeric,float64,market / FX,0.02706983441324694,31
ftse_100_yoy_pct_lag8q,float32_numeric,float64,market / FX,0.0367170626349892,29
income_qoq_pct_lag1q,float32_numeric,float64,income / affordability,0.4426205903527718,831
income_qoq_pct_lag2q,float32_numeric,float64,income / affordability,0.40259179265658745,831
income_qoq_pct_lag4q,float32_numeric,float64,income / affordability,0.320374370050396,1104
income_qoq_pct_lag8q,float32_numeric,float64,income / affordability,0.15593952483801296,1389
income_yoy_pct_lag1q,float32_numeric,float64,income / affordability,0.4426205903527718,1142
income_yoy_pct_lag2q,float32_numeric,float64,income / affordability,0.40259179265658745,1148
income_yoy_pct_lag4q,float32_numeric,float64,income / affordability,0.320374370050396,1432
income_yoy_pct_lag8q,float32_numeric,float64,income / affordability,0.15593952483801296,1727
uk_bank_rate_qoq_pct_lag2q,float32_numeric,float64,interest rate,0.009503239740820735,22
uk_bank_rate_qoq_pct_lag4q,float32_numeric,float64,interest rate,0.017278617710583154,17
uk_bank_rate_qoq_pct_lag8q,float32_numeric,float64,interest rate,0.028509719222462204,18
uk_bank_rate_yoy_pct_lag1q,float32_numeric,float64,interest rate,0.017710583153347732,27
uk_bank_rate_yoy_pct_lag2q,float32_numeric,float64,interest rate,0.021454283657307414,26
uk_bank_rate_yoy_pct_lag4q,float32_numeric,float64,interest rate,0.02706983441324694,21
uk_bank_rate_yoy_pct_lag8q,float32_numeric,float64,interest rate,0.0367170626349892,21
brent_oil_price_qoq_pct_lag1q,float32_numeric,float64,oil / energy proxy,0.005183585313174946,42
brent_oil_price_qoq_pct_lag2q,float32_numeric,float64,oil / energy proxy,0.009503239740820735,41
brent_oil_price_qoq_pct_lag4q,float32_numeric,float64,oil / energy proxy,0.017278617710583154,37
brent_oil_price_qoq_pct_lag8q,float32_numeric,float64,oil / energy proxy,0.028509719222462204,32
brent_oil_price_yoy_pct_lag1q,float32_numeric,float64,oil / energy proxy,0.017710583153347732,36
brent_oil_price_yoy_pct_lag2q,float32_numeric,float64,oil / energy proxy,0.021454283657307414,35
brent_oil_price_yoy_pct_lag4q,float32_numeric,float64,oil / energy proxy,0.02706983441324694,31
brent_oil_price_yoy_pct_lag8q,float32_numeric,float64,oil / energy proxy,0.0367170626349892,29
population_qoq_pct_lag1q,float32_numeric,float64,population / scale,0.1150467962562995,1394
population_qoq_pct_lag2q,float32_numeric,float64,population / scale,0.0734341252699784,1400
population_qoq_pct_lag4q,float32_numeric,float64,population / scale,0.032253419726421886,1673
population_qoq_pct_lag8q,float32_numeric,float64,population / scale,0.03167746580273578,1672
population_yoy_pct_lag1q,float32_numeric,float64,population / scale,0.11547876169906407,1731
population_yoy_pct_lag2q,float32_numeric,float64,population / scale,0.07386609071274298,1739
population_yoy_pct_lag8q,float32_numeric,float64,population / scale,0.03153347732181425,2021
internal_net_migration_qoq_pct_lag1q,float32_numeric,float64,migration,0.1156227501799856,1392
internal_net_migration_qoq_pct_lag2q,float32_numeric,float64,migration,0.07401007919366451,1398
internal_net_migration_qoq_pct_lag4q,float32_numeric,float64,migration,0.03282937365010799,1668
internal_net_migration_qoq_pct_lag8q,float32_numeric,float64,migration,0.031965442764578834,1668
internal_net_migration_yoy_pct_lag2q,float32_numeric,float64,migration,0.07444204463642909,1734
internal_net_migration_yoy_pct_lag4q,float32_numeric,float64,migration,0.03282937365010799,2014
internal_net_migration_yoy_pct_lag8q,float32_numeric,float64,migration,0.03153347732181425,2010
international_net_migration_qoq_pct_lag1q,float32_numeric,float64,migration,0.11677465802735781,1377
international_net_migration_qoq_pct_lag2q,float32_numeric,float64,migration,0.07516198704103672,1383
international_net_migration_qoq_pct_lag4q,float32_numeric,float64,migration,0.033837293016558675,1639
international_net_migration_qoq_pct_lag8q,float32_numeric,float64,migration,0.033693304535637146,1616
international_net_migration_yoy_pct_lag1q,float32_numeric,float64,migration,0.11706263498920086,1694
international_net_migration_yoy_pct_lag2q,float32_numeric,float64,migration,0.07530597552195824,1702
international_net_migration_yoy_pct_lag4q,float32_numeric,float64,migration,0.033981281497480205,1954
international_net_migration_yoy_pct_lag8q,float32_numeric,float64,migration,0.03441324694024478,1946
cpi_00_all_items_qoq_pct_lag1q,float32_numeric,float64,CPI total,0.005183585313174946,41
cpi_00_all_items_qoq_pct_lag2q,float32_numeric,float64,CPI total,0.009503239740820735,40
cpi_00_all_items_qoq_pct_lag4q,float32_numeric,float64,CPI total,0.017278617710583154,36
cpi_00_all_items_qoq_pct_lag8q,float32_numeric,float64,CPI total,0.028509719222462204,31
cpi_00_all_items_yoy_pct_lag1q,float32_numeric,float64,CPI total,0.017710583153347732,36
cpi_00_all_items_yoy_pct_lag2q,float32_numeric,float64,CPI total,0.021454283657307414,35
cpi_00_all_items_yoy_pct_lag8q,float32_numeric,float64,CPI total,0.0367170626349892,29
house_price_to_income_qoq_pct_lag1q,float32_numeric,float64,house price / housing,0.4479481641468683,3834
house_price_to_income_qoq_pct_lag2q,float32_numeric,float64,house price / housing,0.40791936645068394,4112
house_price_to_income_qoq_pct_lag4q,float32_numeric,float64,house price / housing,0.326133909287257,4680
house_price_to_income_qoq_pct_lag8q,float32_numeric,float64,house price / housing,0.16342692584593232,5810
house_price_to_income_yoy_pct_lag1q,float32_numeric,float64,house price / housing,0.4479481641468683,3834
house_price_to_income_yoy_pct_lag2q,float32_numeric,float64,house price / housing,0.40791936645068394,4112
house_price_to_income_yoy_pct_lag4q,float32_numeric,float64,house price / housing,0.326133909287257,4680
house_price_to_income_yoy_pct_lag8q,float32_numeric,float64,house price / housing,0.16342692584593232,5810
annual_rent_to_income_qoq_pct_lag1q,float32_numeric,float64,rent,0.4652267818574514,3624
annual_rent_to_income_qoq_pct_lag2q,float32_numeric,float64,rent,0.42649388048956083,3879
annual_rent_to_income_qoq_pct_lag4q,float32_numeric,float64,rent,0.34730021598272137,4413
annual_rent_to_income_qoq_pct_lag8q,float32_numeric,float64,rent,0.1896328293736501,5445
annual_rent_to_income_yoy_pct_lag1q,float32_numeric,float64,rent,0.4652267818574514,3714
annual_rent_to_income_yoy_pct_lag2q,float32_numeric,float64,rent,0.42649388048956083,3983
annual_rent_to_income_yoy_pct_lag4q,float32_numeric,float64,rent,0.34730021598272137,4533
annual_rent_to_income_yoy_pct_lag8q,float32_numeric,float64,rent,0.1896328293736501,5624
unemployment_per_1000_qoq_pct_lag1q,float32_numeric,float64,unemployment,0.6502519798416126,2427
unemployment_per_1000_qoq_pct_lag2q,float32_numeric,float64,unemployment,0.6332613390928725,2544
unemployment_per_1000_qoq_pct_lag4q,float32_numeric,float64,unemployment,0.6167026637868971,2660
unemployment_per_1000_qoq_pct_lag8q,float32_numeric,float64,unemployment,0.6167026637868971,2658
unemployment_per_1000_yoy_pct_lag1q,float32_numeric,float64,unemployment,0.6502519798416126,2429
homelessness_per_1000_lag1q,float32_numeric,float64,target history,0.00043196544276457883,6781
homelessness_relief_lag1q,float32_numeric,float64,target history,0.00043196544276457883,634
log1p_homelessness_relief_lag1q,float32_numeric,float64,target history,0.00043196544276457883,634
homelessness_total_assessments_lag2q,float32_numeric,float64,target history,0.06033117350611951,966
log1p_homelessness_total_assessments_lag2q,float32_numeric,float64,target history,0.06033117350611951,966
computed_homelessness_rate_per_1000_lag2q,float32_numeric,float64,target history,0.1277177825773938,5938
log1p_computed_homelessness_rate_per_1000_lag2q,float32_numeric,float64,target history,0.1277177825773938,5938
homelessness_per_1000_lag2q,float32_numeric,float64,target history,0.06076313894888409,6371
homelessness_relief_lag2q,float32_numeric,float64,target history,0.06076313894888409,624
log1p_homelessness_relief_lag2q,float32_numeric,float64,target history,0.06076313894888409,624
homelessness_total_assessments_lag4q,float32_numeric,float64,target history,0.15334773218142547,923
log1p_homelessness_total_assessments_lag4q,float32_numeric,float64,target history,0.15334773218142547,923
computed_homelessness_rate_per_1000_lag4q,float32_numeric,float64,target history,0.17235421166306694,5640
log1p_computed_homelessness_rate_per_1000_lag4q,float32_numeric,float64,target history,0.17235421166306694,5640
homelessness_per_1000_lag4q,float32_numeric,float64,target history,0.1539236861051116,5737
homelessness_relief_lag4q,float32_numeric,float64,target history,0.1539236861051116,593
log1p_homelessness_relief_lag4q,float32_numeric,float64,target history,0.1539236861051116,593
homelessness_total_assessments_lag8q,float32_numeric,float64,target history,0.2502519798416127,844
computed_homelessness_rate_per_1000_lag8q,float32_numeric,float64,target history,0.25903527717782576,5057
log1p_computed_homelessness_rate_per_1000_lag8q,float32_numeric,float64,target history,0.25903527717782576,5057
homelessness_per_1000_lag8q,float32_numeric,float64,target history,0.2554355651547876,4681
homelessness_relief_lag8q,float32_numeric,float64,target history,0.3277177825773938,530
homelessness_total_assessments_rolling4_mean_lag1q,float32_numeric,float64,target history,0.04708423326133909,2650
homelessness_total_assessments_rolling4_std_lag1q,float32_numeric,float64,target history,0.04708423326133909,5779
homelessness_total_assessments_rolling8_mean_lag1q,float32_numeric,float64,target history,0.006911447084233261,4255
homelessness_total_assessments_rolling8_std_lag1q,float32_numeric,float64,target history,0.006911447084233261,6796
target_log_growth_lag1q,float32_numeric,float64,target history,0.06033117350611951,5306
target_log_growth_lag4q,float32_numeric,float64,target history,0.19769618430525557,4707
year,int16_time,int16,time / policy,0.0,7
quarter_num,int16_time,int8,time / policy,0.0,4
quarter_index,int16_time,int16,time / policy,0.0,24
quarter_sin,float32_time,float32,time / policy,0.0,4
quarter_cos,float32_time,float32,time / policy,0.0,4
post_covid_2020plus,int8_binary,int8,time / policy,0.0,2
cost_of_living_shock_2022plus,int8_binary,int8,time / policy,0.0,2
lad_E06000001,int8_dummy,int8,LAD fixed effect,0.0,2
lad_E06000006,int8_dummy,int8,LAD fixed effect,0.0,2
lad_E06000008,int8_dummy,int8,LAD fixed effect,0.0,2
lad_E06000013,int8_dummy,int8,LAD fixed effect,0.0,2
lad_E06000014,int8_dummy,int8,LAD fixed effect,0.0,2
lad_E06000019,int8_dummy,int8,LAD fixed effect,0.0,2
lad_E06000020,int8_dummy,int8,LAD fixed effect,0.0,2
lad_E06000022,int8_dummy,int8,LAD fixed effect,0.0,2
lad_E06000024,int8_dummy,int8,LAD fixed effect,0.0,2
lad_E06000025,int8_dummy,int8,LAD fixed effect,0.0,2
lad_E06000027,int8_dummy,int8,LAD fixed effect,0.0,2
lad_E06000030,int8_dummy,int8,LAD fixed effect,0.0,2
lad_E06000031,int8_dummy,int8,LAD fixed effect,0.0,2
lad_E06000033,int8_dummy,int8,LAD fixed effect,0.0,2
lad_E06000034,int8_dummy,int8,LAD fixed effect,0.0,2
lad_E06000035,int8_dummy,int8,LAD fixed effect,0.0,2
lad_E06000036,int8_dummy,int8,LAD fixed effect,0.0,2
lad_E06000039,int8_dummy,int8,LAD fixed effect,0.0,2
lad_E06000041,int8_dummy,int8,LAD fixed effect,0.0,2
lad_E06000043,int8_dummy,int8,LAD fixed effect,0.0,2
lad_E06000046,int8_dummy,int8,LAD fixed effect,0.0,2
lad_E06000053,int8_dummy,int8,LAD fixed effect,0.0,2
lad_E06000057,int8_dummy,int8,LAD fixed effect,0.0,2
lad_E06000059,int8_dummy,int8,LAD fixed effect,0.0,2
lad_E06000060,int8_dummy,int8,LAD fixed effect,0.0,2
lad_E06000061,int8_dummy,int8,LAD fixed effect,0.0,2
lad_E06000063,int8_dummy,int8,LAD fixed effect,0.0,2
lad_E06000064,int8_dummy,int8,LAD fixed effect,0.0,2
lad_E06000065,int8_dummy,int8,LAD fixed effect,0.0,2
lad_E06000066,int8_dummy,int8,LAD fixed effect,0.0,2
lad_E07000005,int8_dummy,int8,LAD fixed effect,0.0,2
lad_E07000006,int8_dummy,int8,LAD fixed effect,0.0,2
lad_E07000009,int8_dummy,int8,LAD fixed effect,0.0,2
lad_E07000027,int8_dummy,int8,LAD fixed effect,0.0,2
lad_E07000029,int8_dummy,int8,LAD fixed effect,0.0,2
lad_E07000031,int8_dummy,int8,LAD fixed effect,0.0,2
lad_E07000033,int8_dummy,int8,LAD fixed effect,0.0,2
lad_E07000035,int8_dummy,int8,LAD fixed effect,0.0,2
lad_E07000037,int8_dummy,int8,LAD fixed effect,0.0,2
lad_E07000039,int8_dummy,int8,LAD fixed effect,0.0,2
lad_E07000043,int8_dummy,int8,LAD fixed effect,0.0,2
lad_E07000044,int8_dummy,int8,LAD fixed effect,0.0,2
lad_E07000047,int8_dummy,int8,LAD fixed effect,0.0,2
lad_E07000061,int8_dummy,int8,LAD fixed effect,0.0,2
lad_E07000064,int8_dummy,int8,LAD fixed effect,0.0,2
lad_E07000065,int8_dummy,int8,LAD fixed effect,0.0,2
lad_E07000066,int8_dummy,int8,LAD fixed effect,0.0,2
lad_E07000071,int8_dummy,int8,LAD fixed effect,0.0,2
lad_E07000074,int8_dummy,int8,LAD fixed effect,0.0,2
lad_E07000075,int8_dummy,int8,LAD fixed effect,0.0,2
lad_E07000084,int8_dummy,int8,LAD fixed effect,0.0,2
lad_E07000087,int8_dummy,int8,LAD fixed effect,0.0,2
lad_E07000091,int8_dummy,int8,LAD fixed effect,0.0,2
lad_E07000092,int8_dummy,int8,LAD fixed effect,0.0,2
lad_E07000103,int8_dummy,int8,LAD fixed effect,0.0,2
lad_E07000105,int8_dummy,int8,LAD fixed effect,0.0,2
lad_E07000108,int8_dummy,int8,LAD fixed effect,0.0,2
lad_E07000109,int8_dummy,int8,LAD fixed effect,0.0,2
lad_E07000112,int8_dummy,int8,LAD fixed effect,0.0,2
lad_E07000113,int8_dummy,int8,LAD fixed effect,0.0,2
lad_E07000115,int8_dummy,int8,LAD fixed effect,0.0,2
lad_E07000116,int8_dummy,int8,LAD fixed effect,0.0,2
lad_E07000118,int8_dummy,int8,LAD fixed effect,0.0,2
lad_E07000120,int8_dummy,int8,LAD fixed effect,0.0,2
lad_E07000121,int8_dummy,int8,LAD fixed effect,0.0,2
lad_E07000126,int8_dummy,int8,LAD fixed effect,0.0,2
lad_E07000133,int8_dummy,int8,LAD fixed effect,0.0,2
lad_E07000136,int8_dummy,int8,LAD fixed effect,0.0,2
lad_E07000137,int8_dummy,int8,LAD fixed effect,0.0,2
lad_E07000140,int8_dummy,int8,LAD fixed effect,0.0,2
lad_E07000143,int8_dummy,int8,LAD fixed effect,0.0,2
lad_E07000145,int8_dummy,int8,LAD fixed effect,0.0,2
lad_E07000150,int8_dummy,int8,LAD fixed effect,0.0,2
lad_E07000152,int8_dummy,int8,LAD fixed effect,0.0,2
lad_E07000153,int8_dummy,int8,LAD fixed effect,0.0,2
lad_E07000155,int8_dummy,int8,LAD fixed effect,0.0,2
lad_E07000156,int8_dummy,int8,LAD fixed effect,0.0,2
lad_E07000164,int8_dummy,int8,LAD fixed effect,0.0,2
lad_E07000172,int8_dummy,int8,LAD fixed effect,0.0,2
lad_E07000174,int8_dummy,int8,LAD fixed effect,0.0,2
lad_E07000175,int8_dummy,int8,LAD fixed effect,0.0,2
lad_E07000176,int8_dummy,int8,LAD fixed effect,0.0,2
lad_E07000180,int8_dummy,int8,LAD fixed effect,0.0,2
lad_E07000187,int8_dummy,int8,LAD fixed effect,0.0,2
lad_E07000188,int8_dummy,int8,LAD fixed effect,0.0,2
lad_E07000193,int8_dummy,int8,LAD fixed effect,0.0,2
lad_E07000194,int8_dummy,int8,LAD fixed effect,0.0,2
lad_E07000196,int8_dummy,int8,LAD fixed effect,0.0,2
lad_E07000197,int8_dummy,int8,LAD fixed effect,0.0,2
lad_E07000208,int8_dummy,int8,LAD fixed effect,0.0,2
lad_E07000212,int8_dummy,int8,LAD fixed effect,0.0,2
lad_E07000214,int8_dummy,int8,LAD fixed effect,0.0,2
lad_E07000220,int8_dummy,int8,LAD fixed effect,0.0,2
lad_E07000225,int8_dummy,int8,LAD fixed effect,0.0,2
lad_E07000227,int8_dummy,int8,LAD fixed effect,0.0,2
lad_E07000239,int8_dummy,int8,LAD fixed effect,0.0,2
lad_E07000244,int8_dummy,int8,LAD fixed effect,0.0,2
lad_E07000246,int8_dummy,int8,LAD fixed effect,0.0,2
lad_E08000004,int8_dummy,int8,LAD fixed effect,0.0,2
lad_E08000005,int8_dummy,int8,LAD fixed effect,0.0,2
lad_E08000009,int8_dummy,int8,LAD fixed effect,0.0,2
lad_E08000010,int8_dummy,int8,LAD fixed effect,0.0,2
lad_E08000012,int8_dummy,int8,LAD fixed effect,0.0,2
lad_E08000026,int8_dummy,int8,LAD fixed effect,0.0,2
lad_E08000028,int8_dummy,int8,LAD fixed effect,0.0,2
lad_E08000030,int8_dummy,int8,LAD fixed effect,0.0,2
lad_E08000031,int8_dummy,int8,LAD fixed effect,0.0,2
lad_E08000037,int8_dummy,int8,LAD fixed effect,0.0,2
lad_E09000001,int8_dummy,int8,LAD fixed effect,0.0,2
lad_E09000008,int8_dummy,int8,LAD fixed effect,0.0,2
lad_E09000014,int8_dummy,int8,LAD fixed effect,0.0,2
lad_E09000015,int8_dummy,int8,LAD fixed effect,0.0,2
lad_E09000017,int8_dummy,int8,LAD fixed effect,0.0,2
lad_E09000018,int8_dummy,int8,LAD fixed effect,0.0,2
lad_E09000019,int8_dummy,int8,LAD fixed effect,0.0,2
lad_E09000021,int8_dummy,int8,LAD fixed effect,0.0,2
lad_E09000026,int8_dummy,int8,LAD fixed effect,0.0,2
lad_E09000027,int8_dummy,int8,LAD fixed effect,0.0,2
lad_E09000030,int8_dummy,int8,LAD fixed effect,0.0,2
lad_E09000032,int8_dummy,int8,LAD fixed effect,0.0,2
lad_E09000033,int8_dummy,int8,LAD fixed effect,0.0,2
