feature,gain,weight,cover,group,intended_type,gain_share
population_qoq_pct_lag2q,11.47590446472168,1.0,3187.0,population / scale,float32_numeric,0.050606937567806744
quarter_sin,4.691107749938965,20.0,2931.64990234375,time / policy,float32_time,0.020687048916694966
brent_oil_price_lag1q,4.44192361831665,11.0,2286.9091796875,oil / energy proxy,float32_numeric,0.019588186005221223
brent_oil_price_yoy_pct_lag1q,4.33784818649292,2.0,1506.0,oil / energy proxy,float32_numeric,0.019129229685321797
target_log_growth_lag1q,4.143332481384277,263.0,3121.12548828125,target history,float32_numeric,0.018271445954666652
quarter_num,3.9939024448394775,41.0,3126.9755859375,time / policy,int16_time,0.017612482946267195
log1p_brent_oil_price_lag1q,3.58575439453125,1.0,1826.0,oil / energy proxy,float32_numeric,0.01581261410247655
average_house_price_annual_change_qoq_pct_lag1q,2.7700209617614746,5.0,98.0,house price / housing,float32_numeric,0.012215357691789457
log1p_house_sales_volume_lag4q,2.7129602432250977,1.0,168.0,house price / housing,float32_numeric,0.011963728878616459
ftse_100_qoq_pct_lag1q,2.634100914001465,43.0,3257.67431640625,market / FX,float32_numeric,0.0116159716135636
brent_oil_price_lag2q,2.5120625495910645,1.0,26.0,oil / energy proxy,float32_numeric,0.011077801580205436
brent_oil_price_qoq_pct_lag1q,2.4603638648986816,6.0,3602.833251953125,oil / energy proxy,float32_numeric,0.010849818494723327
gbp_index_qoq_pct_lag2q,2.4266903400421143,4.0,1182.5,market / FX,float32_numeric,0.01070132353510224
income_qoq_pct_lag4q,2.3848915100097656,14.0,3019.0,income / affordability,float32_numeric,0.01051699725490732
log1p_brent_oil_price_lag2q,2.1895036697387695,1.0,31.0,oil / energy proxy,float32_numeric,0.00965536754506617
uk_bank_rate_yoy_pct_lag8q,2.145958662033081,2.0,1155.5,interest rate,float32_numeric,0.009463340895391121
average_private_rental_price_lag8q,2.0882978439331055,3.0,96.0,rent,float32_numeric,0.009209065737327151
house_price_to_income_yoy_pct_lag1q,2.0193052291870117,17.0,152.76470947265625,house price / housing,float32_numeric,0.008904819134557965
log1p_homelessness_relief_lag1q,2.0116474628448486,13.0,2862.384521484375,target history,float32_numeric,0.008871049586861047
cpi_00_all_items_qoq_pct_lag1q,1.9306631088256836,34.0,2363.911865234375,CPI total,float32_numeric,0.008513921295978534
gbp_index_qoq_pct_lag4q,1.805912733078003,7.0,34.0,market / FX,float32_numeric,0.00796379171826804
homelessness_relief_lag1q,1.7965859174728394,94.0,2475.372314453125,target history,float32_numeric,0.007922661925275432
ftse_100_yoy_pct_lag8q,1.7887306213378906,1.0,30.0,market / FX,float32_numeric,0.007888021302194258
log1p_house_sales_volume_lag1q,1.7472895383834839,6.0,2121.666748046875,house price / housing,float32_numeric,0.007705272630465329
house_sales_volume_lag4q,1.725805640220642,24.0,316.2083435058594,house price / housing,float32_numeric,0.007610532011424595
house_sales_volume_lag8q,1.6244982481002808,8.0,1174.375,house price / housing,float32_numeric,0.007163782312178403
internal_net_migration_yoy_pct_lag8q,1.6179888248443604,72.0,1486.0694580078125,migration,float32_numeric,0.007135076777261528
average_house_price_annual_change_qoq_pct_lag2q,1.5908057689666748,16.0,509.25,house price / housing,float32_numeric,0.007015203767170415
ftse_100_yoy_pct_lag1q,1.5884805917739868,13.0,3488.15380859375,market / FX,float32_numeric,0.007004950100682847
international_net_migration_qoq_pct_lag1q,1.509083867073059,1.0,177.0,migration,float32_numeric,0.006654823005918326
average_private_rental_price_lag1q,1.5069564580917358,2.0,252.0,rent,float32_numeric,0.006645441466203528
log1p_house_price_index_lag8q,1.5019994974136353,1.0,1645.0,house price / housing,float32_numeric,0.006623582047598758
house_sales_volume_qoq_pct_lag1q,1.4633005857467651,5.0,110.5999984741211,house price / housing,float32_numeric,0.006452925920869241
average_private_rental_price_lag2q,1.3998531103134155,2.0,247.0,rent,float32_numeric,0.006173132512170073
population_lag4q,1.396852970123291,36.0,2433.388916015625,population / scale,float32_numeric,0.006159902364797983
gbp_index_lag8q,1.3890190124511719,1.0,20.0,market / FX,float32_numeric,0.0061253558409888565
log1p_population_lag4q,1.3888378143310547,4.0,1230.75,population / scale,float32_numeric,0.006124556785717843
annual_rent_to_income_yoy_pct_lag1q,1.3834943771362305,2.0,386.5,rent,float32_numeric,0.006100993066331084
house_sales_volume_yoy_pct_lag8q,1.375038981437683,5.0,586.4000244140625,house price / housing,float32_numeric,0.006063706098358938
average_house_price_annual_change_lag1q,1.3569377660751343,11.0,921.5454711914062,house price / housing,float32_numeric,0.005983882579561794
ftse_100_lag8q,1.3514150381088257,9.0,1012.5555419921875,market / FX,float32_numeric,0.005959528216012137
brent_oil_price_qoq_pct_lag4q,1.3335978984832764,4.0,1366.25,oil / energy proxy,float32_numeric,0.005880957426630009
homelessness_total_assessments_rolling4_std_lag1q,1.2766199111938477,8.0,630.5,target history,float32_numeric,0.00562969344527154
homelessness_per_1000_lag1q,1.2479572296142578,78.0,2782.179443359375,target history,float32_numeric,0.005503295518059499
house_sales_volume_qoq_pct_lag8q,1.2358098030090332,3.0,93.33333587646484,house price / housing,float32_numeric,0.005449727273246211
log1p_annual_rent_to_income_lag4q,1.2145205736160278,2.0,2263.0,rent,float32_numeric,0.0053558451129275585
house_price_to_income_qoq_pct_lag4q,1.1873527765274048,8.0,123.0,house price / housing,float32_numeric,0.005236039391701372
private_rental_price_index_qoq_pct_lag4q,1.1631560325622559,1.0,235.0,rent,float32_numeric,0.005129335548448509
international_net_migration_lag1q,1.1289217472076416,1.0,3147.0,migration,float32_numeric,0.00497836772304134
income_lag1q,1.114035964012146,4.0,28.5,income / affordability,float32_numeric,0.004912723755444872
annual_rent_to_income_lag8q,1.1057074069976807,4.0,842.5,rent,float32_numeric,0.004875996126162435
private_rental_price_annual_change_qoq_pct_lag8q,1.096411943435669,3.0,434.0,rent,float32_numeric,0.004835004590759482
brent_oil_price_yoy_pct_lag8q,1.0816264152526855,1.0,2011.0,oil / energy proxy,float32_numeric,0.004769802732033357
cpi_00_all_items_qoq_pct_lag8q,1.0685653686523438,1.0,962.0,CPI total,float32_numeric,0.004712205566432542
international_net_migration_yoy_pct_lag2q,1.0550401210784912,12.0,1151.3333740234375,migration,float32_numeric,0.004652561347394013
log1p_house_sales_volume_lag8q,1.0376574993133545,1.0,1701.0,house price / housing,float32_numeric,0.004575906713579544
population_qoq_pct_lag4q,1.030839204788208,1.0,295.0,population / scale,float32_numeric,0.0045458391048421466
income_yoy_pct_lag2q,1.018347978591919,7.0,819.4285888671875,income / affordability,float32_numeric,0.004490754757790963
quarter_cos,1.0140565633773804,4.0,1178.75,time / policy,float32_time,0.004471830290224393
average_house_price_monthly_change_qoq_pct_lag4q,1.010033130645752,9.0,165.0,house price / housing,float32_numeric,0.004454087583348109
annual_rent_to_income_lag1q,1.006848931312561,7.0,1048.7142333984375,rent,float32_numeric,0.004440045764042832
ftse_100_qoq_pct_lag2q,1.0008845329284668,2.0,670.0,market / FX,float32_numeric,0.004413743703270081
international_net_migration_yoy_pct_lag4q,0.998405396938324,2.0,222.5,migration,float32_numeric,0.004402811102649282
average_house_price_monthly_change_yoy_pct_lag8q,0.9876514673233032,4.0,1073.75,house price / housing,float32_numeric,0.004355387960856062
log1p_house_sales_volume_lag2q,0.9838256239891052,3.0,1520.3333740234375,house price / housing,float32_numeric,0.004338516592211162
homelessness_relief_lag2q,0.9681103825569153,13.0,1230.6922607421875,target history,float32_numeric,0.004269214843972782
house_sales_volume_lag1q,0.9647352695465088,25.0,2616.39990234375,house price / housing,float32_numeric,0.004254331125314526
ftse_100_qoq_pct_lag4q,0.9641314148902893,7.0,526.4285888671875,market / FX,float32_numeric,0.004251668221054451
homelessness_total_assessments_rolling4_mean_lag1q,0.9522342681884766,14.0,774.0714111328125,target history,float32_numeric,0.004199203671334249
international_net_migration_yoy_pct_lag1q,0.9467885494232178,6.0,2149.333251953125,migration,float32_numeric,0.004175188906274773
uk_bank_rate_lag4q,0.9432486295700073,2.0,370.5,interest rate,float32_numeric,0.004159578415305876
house_price_index_lag8q,0.9282550811767578,5.0,1880.199951171875,house price / housing,float32_numeric,0.004093459220100858
international_net_migration_lag4q,0.9201164245605469,14.0,2931.71435546875,migration,float32_numeric,0.004057569021770213
house_price_to_income_yoy_pct_lag2q,0.9061205983161926,3.0,1131.3333740234375,house price / housing,float32_numeric,0.0039958496246512085
house_price_to_income_lag2q,0.8732007741928101,1.0,980.0,house price / housing,float32_numeric,0.003850678366971555
log1p_annual_rent_to_income_lag8q,0.8713980913162231,1.0,234.0,rent,float32_numeric,0.0038427288184134925
gbp_index_lag1q,0.8643322587013245,1.0,386.0,market / FX,float32_numeric,0.0038115696055509253
income_yoy_pct_lag1q,0.8627657890319824,3.0,1741.0,income / affordability,float32_numeric,0.0038046617201635945
house_sales_volume_lag2q,0.8589676022529602,19.0,1718.3157958984375,house price / housing,float32_numeric,0.0037879123125863757
target_log_growth_lag4q,0.8418033719062805,79.0,3187.658203125,target history,float32_numeric,0.0037122207506511797
ftse_100_lag1q,0.8371643424034119,8.0,1404.625,market / FX,float32_numeric,0.003691763358630482
average_house_price_monthly_change_lag4q,0.8313217163085938,3.0,180.6666717529297,house price / housing,float32_numeric,0.0036659982945415077
unemployment_count_lag4q,0.8253347873687744,1.0,2806.0,unemployment,float32_numeric,0.0036395968775541384
annual_rent_to_income_lag2q,0.821230411529541,3.0,606.3333129882812,rent,float32_numeric,0.0036214972242771854
annual_rent_to_income_qoq_pct_lag4q,0.8176787495613098,6.0,489.5,rent,float32_numeric,0.0036058349524239496
average_house_price_annual_change_yoy_pct_lag1q,0.8165575861930847,5.0,319.20001220703125,house price / housing,float32_numeric,0.0036008907979345585
private_rental_price_monthly_change_lag1q,0.8147655725479126,17.0,1808.5294189453125,rent,float32_numeric,0.0035929882990125197
internal_net_migration_lag1q,0.8131518363952637,4.0,55.25,migration,float32_numeric,0.003585871975852191
house_price_to_income_qoq_pct_lag1q,0.81095290184021,6.0,211.0,house price / housing,float32_numeric,0.0035761750195830457
international_net_migration_lag2q,0.8083847761154175,10.0,2024.199951171875,migration,float32_numeric,0.003564849988199212
unemployment_count_yoy_pct_lag8q,0.7952492237091064,3.0,2101.666748046875,unemployment,float32_numeric,0.0035069242636876184
uk_bank_rate_qoq_pct_lag2q,0.7889602184295654,1.0,144.0,interest rate,float32_numeric,0.0034791907374523896
internal_net_migration_qoq_pct_lag1q,0.787699818611145,4.0,343.5,migration,float32_numeric,0.003473632572070536
private_rental_price_annual_change_yoy_pct_lag8q,0.7855815887451172,3.0,639.6666870117188,rent,float32_numeric,0.0034642915108135455
average_house_price_monthly_change_lag8q,0.7778921127319336,6.0,606.5,house price / housing,float32_numeric,0.0034303821284441998
unemployment_count_yoy_pct_lag4q,0.7736884951591492,4.0,3888.25,unemployment,float32_numeric,0.00341184483469809
computed_homelessness_rate_per_1000_lag4q,0.7736014127731323,17.0,1947.7646484375,target history,float32_numeric,0.0034114608150431725
brent_oil_price_lag4q,0.7677711248397827,2.0,35.5,oil / energy proxy,float32_numeric,0.003385750160309823
house_sales_volume_yoy_pct_lag4q,0.7651028037071228,2.0,585.0,house price / housing,float32_numeric,0.0033739832829027747
annual_rent_to_income_yoy_pct_lag2q,0.7566758990287781,24.0,3412.833251953125,rent,float32_numeric,0.00333682195585811
annual_rent_to_income_lag4q,0.7501625418663025,8.0,1580.75,rent,float32_numeric,0.0033080990730307456
income_lag4q,0.7493695616722107,3.0,187.3333282470703,income / affordability,float32_numeric,0.00330460215483155
gbp_index_lag2q,0.7488952875137329,1.0,23.0,market / FX,float32_numeric,0.0033025106802291003
log1p_cpi_00_all_items_lag4q,0.7415320873260498,1.0,37.0,CPI total,float32_numeric,0.0032700401230418346
house_price_to_income_lag1q,0.7395438551902771,6.0,433.5,house price / housing,float32_numeric,0.00326127233137237
private_rental_price_index_lag8q,0.7391526103019714,3.0,1471.0,rent,float32_numeric,0.003259547002820091
log1p_homelessness_relief_lag4q,0.7380616664886475,3.0,276.3333435058594,target history,float32_numeric,0.0032547361118249116
private_rental_price_annual_change_yoy_pct_lag1q,0.7325069904327393,2.0,241.0,rent,float32_numeric,0.0032302408622143135
house_sales_volume_qoq_pct_lag4q,0.7313309907913208,1.0,117.0,house price / housing,float32_numeric,0.0032250548883665893
population_yoy_pct_lag2q,0.7216202616691589,6.0,1270.3333740234375,population / scale,float32_numeric,0.0031822320970185222
private_rental_price_monthly_change_yoy_pct_lag1q,0.7200861573219299,4.0,221.25,rent,float32_numeric,0.0031754669376220335
average_house_price_monthly_change_lag1q,0.7161219120025635,2.0,80.0,house price / housing,float32_numeric,0.003157985237944472
unemployment_per_1000_qoq_pct_lag8q,0.7156001925468445,1.0,650.0,unemployment,float32_numeric,0.0031556845370276387
income_qoq_pct_lag1q,0.7140865325927734,1.0,116.0,income / affordability,float32_numeric,0.0031490095341962674
private_rental_price_monthly_change_qoq_pct_lag1q,0.7127891778945923,5.0,264.79998779296875,rent,float32_numeric,0.0031432884035946674
private_rental_price_monthly_change_yoy_pct_lag4q,0.7120978832244873,2.0,851.5,rent,float32_numeric,0.0031402399025969026
average_private_rental_price_yoy_pct_lag8q,0.7076423764228821,3.0,339.0,rent,float32_numeric,0.0031205918168852338
homelessness_total_assessments_lag8q,0.706684410572052,5.0,777.2000122070312,target history,float32_numeric,0.0031163673378340113
average_house_price_annual_change_qoq_pct_lag4q,0.7042580246925354,8.0,619.0,house price / housing,float32_numeric,0.0031056673569220417
house_price_to_income_lag4q,0.6972505450248718,1.0,2012.0,house price / housing,float32_numeric,0.003074765471398396
private_rental_price_index_qoq_pct_lag8q,0.6962644457817078,6.0,944.3333129882812,rent,float32_numeric,0.0030704169285024636
private_rental_price_monthly_change_qoq_pct_lag4q,0.6957032680511475,11.0,1884.6363525390625,rent,float32_numeric,0.0030679422227864817
house_sales_volume_yoy_pct_lag2q,0.6871664524078369,2.0,745.0,house price / housing,float32_numeric,0.003030296205636637
population_yoy_pct_lag8q,0.6823897361755371,3.0,225.0,population / scale,float32_numeric,0.003009231636748821
annual_rent_to_income_qoq_pct_lag1q,0.6821667551994324,13.0,2901.923095703125,rent,float32_numeric,0.0030082483256406436
computed_homelessness_rate_per_1000_lag2q,0.6784188151359558,87.0,2816.218505859375,target history,float32_numeric,0.002991720498192854
cpi_00_all_items_qoq_pct_lag2q,0.6751165390014648,2.0,103.0,CPI total,float32_numeric,0.0029771579787257756
homelessness_total_assessments_lag2q,0.6743751168251038,7.0,685.2857055664062,target history,float32_numeric,0.0029738884232928388
brent_oil_price_qoq_pct_lag2q,0.6683381795883179,1.0,2899.0,oil / energy proxy,float32_numeric,0.0029472664775645548
lad_E07000133,0.6682928204536438,28.0,4106.14306640625,LAD fixed effect,int8_dummy,0.002947066450899673
average_house_price_monthly_change_qoq_pct_lag1q,0.6608172059059143,5.0,2796.199951171875,house price / housing,float32_numeric,0.0029141001640278254
average_house_price_monthly_change_qoq_pct_lag2q,0.6595048308372498,4.0,398.25,house price / housing,float32_numeric,0.0029083127959498127
homelessness_total_assessments_rolling8_mean_lag1q,0.6550317406654358,8.0,1554.75,target history,float32_numeric,0.0028885871703352
house_price_index_lag2q,0.6514117121696472,2.0,274.0,house price / housing,float32_numeric,0.0028726234128254344
income_qoq_pct_lag2q,0.6512027978897095,6.0,2706.833251953125,income / affordability,float32_numeric,0.0028717021336396122
unemployment_per_1000_lag1q,0.647085428237915,1.0,103.0,unemployment,float32_numeric,0.0028535451796886198
average_house_price_monthly_change_lag2q,0.6456384062767029,34.0,2839.0,house price / housing,float32_numeric,0.0028471640399470484
log1p_computed_homelessness_rate_per_1000_lag2q,0.6439638137817383,18.0,3152.72216796875,target history,float32_numeric,0.002839779349868396
log1p_house_price_to_income_lag1q,0.6428911685943604,2.0,213.0,house price / housing,float32_numeric,0.0028350491529417036
private_rental_price_index_qoq_pct_lag1q,0.6424045562744141,7.0,1044.142822265625,rent,float32_numeric,0.0028329032689836287
international_net_migration_qoq_pct_lag2q,0.6408770084381104,1.0,76.0,migration,float32_numeric,0.0028261670227712884
annual_rent_to_income_yoy_pct_lag8q,0.6403892636299133,4.0,482.25,rent,float32_numeric,0.00282401614471777
international_net_migration_qoq_pct_lag8q,0.6338933110237122,3.0,1692.0,migration,float32_numeric,0.002795370013251963
homelessness_per_1000_lag4q,0.630271315574646,17.0,2762.705810546875,target history,float32_numeric,0.0027793975817869527
income_lag8q,0.6286375522613525,1.0,232.0,income / affordability,float32_numeric,0.002772192941991407
private_rental_price_index_lag4q,0.625800371170044,13.0,2992.3076171875,rent,float32_numeric,0.002759681418668971
homelessness_total_assessments_rolling8_std_lag1q,0.6242568492889404,9.0,2887.888916015625,target history,float32_numeric,0.00275287472942616
private_rental_price_monthly_change_yoy_pct_lag2q,0.6242387890815735,9.0,806.3333129882812,rent,float32_numeric,0.002752795086746187
house_price_index_qoq_pct_lag2q,0.6157992482185364,2.0,1205.5,house price / housing,float32_numeric,0.0027155780361102543
average_house_price_qoq_pct_lag8q,0.605765700340271,2.0,95.0,house price / housing,float32_numeric,0.002671331664713567
computed_homelessness_rate_per_1000_lag8q,0.5947210192680359,5.0,798.4000244140625,target history,float32_numeric,0.002622626354626926
gbp_index_yoy_pct_lag4q,0.5921504497528076,1.0,4059.0,market / FX,float32_numeric,0.002611290546510819
average_house_price_lag1q,0.5891069173812866,1.0,703.0,house price / housing,float32_numeric,0.002597869046429091
homelessness_per_1000_lag2q,0.5867787003517151,5.0,1162.4000244140625,target history,float32_numeric,0.0025876019747379632
private_rental_price_index_yoy_pct_lag2q,0.5706826448440552,1.0,206.0,rent,float32_numeric,0.002516620896194813
house_sales_volume_yoy_pct_lag1q,0.5666501522064209,5.0,2172.39990234375,house price / housing,float32_numeric,0.002498838236554979
income_qoq_pct_lag8q,0.5640988945960999,3.0,1702.3333740234375,income / affordability,float32_numeric,0.0024875875909085455
homelessness_relief_lag4q,0.5631703734397888,21.0,1934.0,target history,float32_numeric,0.002483492958338862
internal_net_migration_yoy_pct_lag4q,0.5625187158584595,1.0,680.0,migration,float32_numeric,0.002480619250681631
log1p_annual_rent_to_income_lag2q,0.556359052658081,1.0,4058.0,rent,float32_numeric,0.0024534561027155133
population_yoy_pct_lag1q,0.5518085360527039,3.0,482.6666564941406,population / scale,float32_numeric,0.00243338903868082
internal_net_migration_lag8q,0.5469619035720825,1.0,168.0,migration,float32_numeric,0.00241201615011113
unemployment_per_1000_lag4q,0.5403269529342651,2.0,681.5,unemployment,float32_numeric,0.0023827570591413755
annual_rent_to_income_qoq_pct_lag8q,0.5344591736793518,17.0,3678.823486328125,rent,float32_numeric,0.0023568810735641226
average_house_price_annual_change_yoy_pct_lag8q,0.530028760433197,1.0,537.0,house price / housing,float32_numeric,0.002337343646493604
average_private_rental_price_qoq_pct_lag2q,0.5262924432754517,9.0,2911.4443359375,rent,float32_numeric,0.0023208670742358955
private_rental_price_monthly_change_qoq_pct_lag8q,0.5261642932891846,6.0,423.6666564941406,rent,float32_numeric,0.0023203019529093568
house_price_index_yoy_pct_lag2q,0.5251080989837646,2.0,821.0,house price / housing,float32_numeric,0.002315644301790164
house_price_index_yoy_pct_lag4q,0.5237128138542175,6.0,2110.833251953125,house price / housing,float32_numeric,0.0023094913133562375
ftse_100_qoq_pct_lag8q,0.5221810340881348,1.0,3165.0,market / FX,float32_numeric,0.002302736404997765
average_house_price_monthly_change_yoy_pct_lag2q,0.5202959179878235,7.0,348.71429443359375,house price / housing,float32_numeric,0.0022944233388608177
internal_net_migration_qoq_pct_lag2q,0.5199673771858215,1.0,980.0,migration,float32_numeric,0.00229297452548785
log1p_income_lag4q,0.5192065238952637,1.0,2161.0,income / affordability,float32_numeric,0.002289619281890982
unemployment_count_lag2q,0.5169517397880554,13.0,3849.0,unemployment,float32_numeric,0.0022796760378623175
house_price_to_income_qoq_pct_lag8q,0.5131770372390747,3.0,270.3333435058594,house price / housing,float32_numeric,0.002263030192053776
private_rental_price_monthly_change_qoq_pct_lag2q,0.5065601468086243,11.0,350.6363525390625,rent,float32_numeric,0.0022338507437639943
annual_rent_to_income_yoy_pct_lag4q,0.5027367472648621,7.0,2782.71435546875,rent,float32_numeric,0.002216990151851368
average_house_price_annual_change_yoy_pct_lag2q,0.5018059015274048,6.0,311.1666564941406,house price / housing,float32_numeric,0.002212885268243669
international_net_migration_yoy_pct_lag8q,0.5012821555137634,5.0,2058.199951171875,migration,float32_numeric,0.0022105756305244623
house_price_index_lag1q,0.49783602356910706,1.0,533.0,house price / housing,float32_numeric,0.002195378729512453
homelessness_total_assessments_lag4q,0.4846697449684143,1.0,674.0,target history,float32_numeric,0.002137317507306054
average_private_rental_price_yoy_pct_lag4q,0.4826924204826355,2.0,630.5,rent,float32_numeric,0.002128597816661128
international_net_migration_lag8q,0.4797724783420563,5.0,3647.0,migration,float32_numeric,0.002115721330100599
average_house_price_monthly_change_qoq_pct_lag8q,0.47737058997154236,2.0,2650.5,house price / housing,float32_numeric,0.0021051293793584937
internal_net_migration_lag4q,0.47639596462249756,9.0,4009.333251953125,migration,float32_numeric,0.002100831434534821
log1p_homelessness_relief_lag2q,0.47515884041786194,1.0,3669.0,target history,float32_numeric,0.0020953759109566946
unemployment_per_1000_qoq_pct_lag2q,0.47488531470298767,2.0,1104.5,unemployment,float32_numeric,0.0020941697054834454
income_yoy_pct_lag4q,0.473431259393692,10.0,2926.300048828125,income / affordability,float32_numeric,0.0020877575497806966
private_rental_price_monthly_change_lag2q,0.4729497730731964,8.0,1248.125,rent,float32_numeric,0.002085634270675683
average_house_price_annual_change_yoy_pct_lag4q,0.4707701802253723,4.0,458.25,house price / housing,float32_numeric,0.002076022608299776
homelessness_per_1000_lag8q,0.46820297837257385,16.0,3502.5,target history,float32_numeric,0.002064701651046436
unemployment_count_yoy_pct_lag2q,0.46642830967903137,3.0,2854.666748046875,unemployment,float32_numeric,0.0020568756406388264
log1p_house_price_to_income_lag4q,0.4662719964981079,1.0,2032.0,house price / housing,float32_numeric,0.002056186324044013
average_house_price_monthly_change_yoy_pct_lag4q,0.4655367136001587,4.0,598.0,house price / housing,float32_numeric,0.002052943841865325
average_house_price_annual_change_qoq_pct_lag8q,0.46513473987579346,8.0,2345.5,house price / housing,float32_numeric,0.002051171200829894
income_lag2q,0.46066009998321533,3.0,1466.0,income / affordability,float32_numeric,0.0020314387411899375
private_rental_price_annual_change_qoq_pct_lag1q,0.45613276958465576,4.0,2214.5,rent,float32_numeric,0.0020114739246882784
private_rental_price_index_yoy_pct_lag1q,0.453885018825531,2.0,103.5,rent,float32_numeric,0.0020015616966207912
private_rental_price_monthly_change_yoy_pct_lag8q,0.4523123800754547,19.0,2553.26318359375,rent,float32_numeric,0.001994626606555648
average_house_price_monthly_change_yoy_pct_lag1q,0.45095306634902954,7.0,597.5714111328125,house price / housing,float32_numeric,0.001988632246363845
private_rental_price_index_lag1q,0.4509144723415375,5.0,2751.60009765625,rent,float32_numeric,0.0019884620528480617
private_rental_price_annual_change_yoy_pct_lag4q,0.4503501355648041,4.0,1862.25,rent,float32_numeric,0.001985973416234263
lad_E07000009,0.4452536404132843,3.0,3539.333251953125,LAD fixed effect,int8_dummy,0.0019634986725013863
gbp_index_qoq_pct_lag1q,0.44455400109291077,1.0,4117.0,market / FX,float32_numeric,0.001960413372905614
income_yoy_pct_lag8q,0.44217967987060547,6.0,338.8333435058594,income / affordability,float32_numeric,0.001949942988960497
gbp_index_lag4q,0.4409269690513611,1.0,3464.0,market / FX,float32_numeric,0.0019444187308582355
house_price_to_income_yoy_pct_lag4q,0.44040751457214355,3.0,1615.0,house price / housing,float32_numeric,0.0019421280181322895
lad_E07000196,0.43757158517837524,8.0,2917.125,LAD fixed effect,int8_dummy,0.0019296220145995542
average_house_price_annual_change_lag8q,0.43107372522354126,2.0,652.0,house price / housing,float32_numeric,0.0019009674720256316
unemployment_per_1000_qoq_pct_lag4q,0.40032926201820374,3.0,1527.0,unemployment,float32_numeric,0.001765389214575753
house_price_to_income_yoy_pct_lag8q,0.39694124460220337,1.0,1315.0,house price / housing,float32_numeric,0.001750448589514151
private_rental_price_index_lag2q,0.3953007459640503,9.0,2994.333251953125,rent,float32_numeric,0.0017432142479930708
internal_net_migration_qoq_pct_lag8q,0.39394253492355347,1.0,88.0,migration,float32_numeric,0.0017372247504731475
average_private_rental_price_lag4q,0.392959862947464,1.0,1840.0,rent,float32_numeric,0.0017328913212871107
cpi_00_all_items_qoq_pct_lag4q,0.3928706645965576,1.0,1314.0,CPI total,float32_numeric,0.001732497970559127
house_price_index_lag4q,0.386543869972229,2.0,3133.0,house price / housing,float32_numeric,0.0017045977992443514
annual_rent_to_income_qoq_pct_lag2q,0.38369011878967285,2.0,1649.0,rent,float32_numeric,0.001692013204420158
private_rental_price_monthly_change_lag4q,0.36305347084999084,3.0,96.0,rent,float32_numeric,0.0016010088258892304
lad_E07000214,0.3605444133281708,1.0,4071.0,LAD fixed effect,int8_dummy,0.0015899442760098615
unemployment_per_1000_yoy_pct_lag1q,0.3519975543022156,2.0,4180.5,unemployment,float32_numeric,0.0015522539691188437
log1p_average_house_price_lag8q,0.34929537773132324,1.0,720.0,house price / housing,float32_numeric,0.0015403377945427377
log1p_private_rental_price_index_lag4q,0.33255070447921753,1.0,4201.0,rent,float32_numeric,0.0014664964135459163
private_rental_price_annual_change_yoy_pct_lag2q,0.32580122351646423,4.0,4125.25,rent,float32_numeric,0.0014367322618185135
homelessness_relief_lag8q,0.30747777223587036,1.0,40.0,target history,float32_numeric,0.0013559287175023006
private_rental_price_annual_change_qoq_pct_lag2q,0.3064825236797333,3.0,182.6666717529297,rent,float32_numeric,0.0013515398275721247
population_qoq_pct_lag1q,0.3021625876426697,1.0,3392.0,population / scale,float32_numeric,0.001332489587654508
log1p_unemployment_count_lag8q,0.27157530188560486,1.0,1170.0,unemployment,float32_numeric,0.001197604458082807
internal_net_migration_lag2q,0.2692258954048157,4.0,74.25,migration,float32_numeric,0.001187243944237454
ftse_100_lag2q,0.26517945528030396,2.0,135.5,market / FX,float32_numeric,0.0011693997783695223
private_rental_price_annual_change_qoq_pct_lag4q,0.26476043462753296,2.0,2144.5,rent,float32_numeric,0.0011675519630553052
average_house_price_qoq_pct_lag4q,0.24895964562892914,3.0,54.33333206176758,house price / housing,float32_numeric,0.0010978729634755695
internal_net_migration_yoy_pct_lag2q,0.24705609679222107,2.0,26.0,migration,float32_numeric,0.0010894786118640955
unemployment_count_lag8q,0.1519116461277008,1.0,30.0,unemployment,float32_numeric,0.0006699065171760955
lad_E09000008,0.0,0.0,0.0,LAD fixed effect,int8_dummy,0.0
lad_E07000075,0.0,0.0,0.0,LAD fixed effect,int8_dummy,0.0
lad_E09000032,0.0,0.0,0.0,LAD fixed effect,int8_dummy,0.0
lad_E07000084,0.0,0.0,0.0,LAD fixed effect,int8_dummy,0.0
lad_E09000030,0.0,0.0,0.0,LAD fixed effect,int8_dummy,0.0
lad_E07000103,0.0,0.0,0.0,LAD fixed effect,int8_dummy,0.0
lad_E09000027,0.0,0.0,0.0,LAD fixed effect,int8_dummy,0.0
lad_E09000021,0.0,0.0,0.0,LAD fixed effect,int8_dummy,0.0
lad_E09000026,0.0,0.0,0.0,LAD fixed effect,int8_dummy,0.0
lad_E07000087,0.0,0.0,0.0,LAD fixed effect,int8_dummy,0.0
lad_E09000019,0.0,0.0,0.0,LAD fixed effect,int8_dummy,0.0
lad_E09000018,0.0,0.0,0.0,LAD fixed effect,int8_dummy,0.0
lad_E09000015,0.0,0.0,0.0,LAD fixed effect,int8_dummy,0.0
lad_E07000091,0.0,0.0,0.0,LAD fixed effect,int8_dummy,0.0
lad_E07000092,0.0,0.0,0.0,LAD fixed effect,int8_dummy,0.0
lad_E09000014,0.0,0.0,0.0,LAD fixed effect,int8_dummy,0.0
lad_E09000017,0.0,0.0,0.0,LAD fixed effect,int8_dummy,0.0
lad_E07000071,0.0,0.0,0.0,LAD fixed effect,int8_dummy,0.0
lad_E07000074,0.0,0.0,0.0,LAD fixed effect,int8_dummy,0.0
lad_E07000031,0.0,0.0,0.0,LAD fixed effect,int8_dummy,0.0
lad_E06000060,0.0,0.0,0.0,LAD fixed effect,int8_dummy,0.0
lad_E06000061,0.0,0.0,0.0,LAD fixed effect,int8_dummy,0.0
lad_E06000063,0.0,0.0,0.0,LAD fixed effect,int8_dummy,0.0
lad_E06000064,0.0,0.0,0.0,LAD fixed effect,int8_dummy,0.0
lad_E06000065,0.0,0.0,0.0,LAD fixed effect,int8_dummy,0.0
lad_E06000066,0.0,0.0,0.0,LAD fixed effect,int8_dummy,0.0
lad_E07000005,0.0,0.0,0.0,LAD fixed effect,int8_dummy,0.0
lad_E07000006,0.0,0.0,0.0,LAD fixed effect,int8_dummy,0.0
lad_E07000027,0.0,0.0,0.0,LAD fixed effect,int8_dummy,0.0
lad_E07000029,0.0,0.0,0.0,LAD fixed effect,int8_dummy,0.0
lad_E07000033,0.0,0.0,0.0,LAD fixed effect,int8_dummy,0.0
lad_E08000037,0.0,0.0,0.0,LAD fixed effect,int8_dummy,0.0
lad_E07000035,0.0,0.0,0.0,LAD fixed effect,int8_dummy,0.0
lad_E07000037,0.0,0.0,0.0,LAD fixed effect,int8_dummy,0.0
lad_E07000039,0.0,0.0,0.0,LAD fixed effect,int8_dummy,0.0
lad_E07000043,0.0,0.0,0.0,LAD fixed effect,int8_dummy,0.0
lad_E07000044,0.0,0.0,0.0,LAD fixed effect,int8_dummy,0.0
lad_E07000047,0.0,0.0,0.0,LAD fixed effect,int8_dummy,0.0
lad_E07000061,0.0,0.0,0.0,LAD fixed effect,int8_dummy,0.0
lad_E07000064,0.0,0.0,0.0,LAD fixed effect,int8_dummy,0.0
lad_E07000065,0.0,0.0,0.0,LAD fixed effect,int8_dummy,0.0
lad_E07000066,0.0,0.0,0.0,LAD fixed effect,int8_dummy,0.0
lad_E09000001,0.0,0.0,0.0,LAD fixed effect,int8_dummy,0.0
lad_E07000109,0.0,0.0,0.0,LAD fixed effect,int8_dummy,0.0
lad_E07000105,0.0,0.0,0.0,LAD fixed effect,int8_dummy,0.0
lad_E07000172,0.0,0.0,0.0,LAD fixed effect,int8_dummy,0.0
lad_E07000145,0.0,0.0,0.0,LAD fixed effect,int8_dummy,0.0
lad_E07000225,0.0,0.0,0.0,LAD fixed effect,int8_dummy,0.0
lad_E07000150,0.0,0.0,0.0,LAD fixed effect,int8_dummy,0.0
lad_E07000152,0.0,0.0,0.0,LAD fixed effect,int8_dummy,0.0
lad_E07000220,0.0,0.0,0.0,LAD fixed effect,int8_dummy,0.0
lad_E07000153,0.0,0.0,0.0,LAD fixed effect,int8_dummy,0.0
lad_E06000057,0.0,0.0,0.0,LAD fixed effect,int8_dummy,0.0
lad_E07000155,0.0,0.0,0.0,LAD fixed effect,int8_dummy,0.0
lad_E07000156,0.0,0.0,0.0,LAD fixed effect,int8_dummy,0.0
lad_E07000164,0.0,0.0,0.0,LAD fixed effect,int8_dummy,0.0
lad_E07000174,0.0,0.0,0.0,LAD fixed effect,int8_dummy,0.0
lad_E07000140,0.0,0.0,0.0,LAD fixed effect,int8_dummy,0.0
lad_E07000175,0.0,0.0,0.0,LAD fixed effect,int8_dummy,0.0
lad_E07000212,0.0,0.0,0.0,LAD fixed effect,int8_dummy,0.0
lad_E07000208,0.0,0.0,0.0,LAD fixed effect,int8_dummy,0.0
lad_E07000176,0.0,0.0,0.0,LAD fixed effect,int8_dummy,0.0
lad_E07000197,0.0,0.0,0.0,LAD fixed effect,int8_dummy,0.0
lad_E07000180,0.0,0.0,0.0,LAD fixed effect,int8_dummy,0.0
lad_E07000187,0.0,0.0,0.0,LAD fixed effect,int8_dummy,0.0
lad_E07000194,0.0,0.0,0.0,LAD fixed effect,int8_dummy,0.0
lad_E07000188,0.0,0.0,0.0,LAD fixed effect,int8_dummy,0.0
lad_E07000193,0.0,0.0,0.0,LAD fixed effect,int8_dummy,0.0
lad_E07000143,0.0,0.0,0.0,LAD fixed effect,int8_dummy,0.0
lad_E07000137,0.0,0.0,0.0,LAD fixed effect,int8_dummy,0.0
lad_E07000108,0.0,0.0,0.0,LAD fixed effect,int8_dummy,0.0
lad_E07000116,0.0,0.0,0.0,LAD fixed effect,int8_dummy,0.0
lad_E07000112,0.0,0.0,0.0,LAD fixed effect,int8_dummy,0.0
lad_E07000113,0.0,0.0,0.0,LAD fixed effect,int8_dummy,0.0
lad_E08000031,0.0,0.0,0.0,LAD fixed effect,int8_dummy,0.0
lad_E08000030,0.0,0.0,0.0,LAD fixed effect,int8_dummy,0.0
lad_E08000028,0.0,0.0,0.0,LAD fixed effect,int8_dummy,0.0
lad_E08000026,0.0,0.0,0.0,LAD fixed effect,int8_dummy,0.0
lad_E07000115,0.0,0.0,0.0,LAD fixed effect,int8_dummy,0.0
lad_E08000012,0.0,0.0,0.0,LAD fixed effect,int8_dummy,0.0
lad_E08000010,0.0,0.0,0.0,LAD fixed effect,int8_dummy,0.0
lad_E08000009,0.0,0.0,0.0,LAD fixed effect,int8_dummy,0.0
lad_E08000005,0.0,0.0,0.0,LAD fixed effect,int8_dummy,0.0
lad_E07000227,0.0,0.0,0.0,LAD fixed effect,int8_dummy,0.0
lad_E07000118,0.0,0.0,0.0,LAD fixed effect,int8_dummy,0.0
lad_E08000004,0.0,0.0,0.0,LAD fixed effect,int8_dummy,0.0
lad_E07000120,0.0,0.0,0.0,LAD fixed effect,int8_dummy,0.0
lad_E07000246,0.0,0.0,0.0,LAD fixed effect,int8_dummy,0.0
lad_E07000244,0.0,0.0,0.0,LAD fixed effect,int8_dummy,0.0
lad_E07000121,0.0,0.0,0.0,LAD fixed effect,int8_dummy,0.0
lad_E07000126,0.0,0.0,0.0,LAD fixed effect,int8_dummy,0.0
lad_E07000239,0.0,0.0,0.0,LAD fixed effect,int8_dummy,0.0
average_house_price_lag4q,0.0,0.0,0.0,house price / housing,float32_numeric,0.0
lad_E07000136,0.0,0.0,0.0,LAD fixed effect,int8_dummy,0.0
lad_E06000059,0.0,0.0,0.0,LAD fixed effect,int8_dummy,0.0
log1p_computed_homelessness_rate_per_1000_lag8q,0.0,0.0,0.0,target history,float32_numeric,0.0
lad_E06000053,0.0,0.0,0.0,LAD fixed effect,int8_dummy,0.0
uk_bank_rate_yoy_pct_lag2q,0.0,0.0,0.0,interest rate,float32_numeric,0.0
log1p_average_private_rental_price_lag8q,0.0,0.0,0.0,rent,float32_numeric,0.0
average_house_price_lag2q,0.0,0.0,0.0,house price / housing,float32_numeric,0.0
log1p_average_private_rental_price_lag4q,0.0,0.0,0.0,rent,float32_numeric,0.0
log1p_average_private_rental_price_lag2q,0.0,0.0,0.0,rent,float32_numeric,0.0
brent_oil_price_qoq_pct_lag8q,0.0,0.0,0.0,oil / energy proxy,float32_numeric,0.0
log1p_average_private_rental_price_lag1q,0.0,0.0,0.0,rent,float32_numeric,0.0
brent_oil_price_yoy_pct_lag2q,0.0,0.0,0.0,oil / energy proxy,float32_numeric,0.0
brent_oil_price_yoy_pct_lag4q,0.0,0.0,0.0,oil / energy proxy,float32_numeric,0.0
log1p_private_rental_price_index_lag8q,0.0,0.0,0.0,rent,float32_numeric,0.0
log1p_private_rental_price_index_lag2q,0.0,0.0,0.0,rent,float32_numeric,0.0
population_qoq_pct_lag8q,0.0,0.0,0.0,population / scale,float32_numeric,0.0
log1p_private_rental_price_index_lag1q,0.0,0.0,0.0,rent,float32_numeric,0.0
log1p_unemployment_count_lag4q,0.0,0.0,0.0,unemployment,float32_numeric,0.0
internal_net_migration_qoq_pct_lag4q,0.0,0.0,0.0,migration,float32_numeric,0.0
log1p_unemployment_count_lag2q,0.0,0.0,0.0,unemployment,float32_numeric,0.0
log1p_unemployment_count_lag1q,0.0,0.0,0.0,unemployment,float32_numeric,0.0
log1p_house_price_index_lag4q,0.0,0.0,0.0,house price / housing,float32_numeric,0.0
international_net_migration_qoq_pct_lag4q,0.0,0.0,0.0,migration,float32_numeric,0.0
log1p_house_price_index_lag2q,0.0,0.0,0.0,house price / housing,float32_numeric,0.0
log1p_house_price_index_lag1q,0.0,0.0,0.0,house price / housing,float32_numeric,0.0
log1p_average_house_price_lag4q,0.0,0.0,0.0,house price / housing,float32_numeric,0.0
uk_bank_rate_yoy_pct_lag4q,0.0,0.0,0.0,interest rate,float32_numeric,0.0
uk_bank_rate_yoy_pct_lag1q,0.0,0.0,0.0,interest rate,float32_numeric,0.0
lad_E06000046,0.0,0.0,0.0,LAD fixed effect,int8_dummy,0.0
uk_bank_rate_qoq_pct_lag8q,0.0,0.0,0.0,interest rate,float32_numeric,0.0
log1p_unemployment_per_1000_lag8q,0.0,0.0,0.0,unemployment,float32_numeric,0.0
log1p_unemployment_per_1000_lag4q,0.0,0.0,0.0,unemployment,float32_numeric,0.0
log1p_unemployment_per_1000_lag2q,0.0,0.0,0.0,unemployment,float32_numeric,0.0
log1p_unemployment_per_1000_lag1q,0.0,0.0,0.0,unemployment,float32_numeric,0.0
log1p_annual_rent_to_income_lag1q,0.0,0.0,0.0,rent,float32_numeric,0.0
gbp_index_qoq_pct_lag8q,0.0,0.0,0.0,market / FX,float32_numeric,0.0
gbp_index_yoy_pct_lag1q,0.0,0.0,0.0,market / FX,float32_numeric,0.0
gbp_index_yoy_pct_lag2q,0.0,0.0,0.0,market / FX,float32_numeric,0.0
log1p_house_price_to_income_lag8q,0.0,0.0,0.0,house price / housing,float32_numeric,0.0
gbp_index_yoy_pct_lag8q,0.0,0.0,0.0,market / FX,float32_numeric,0.0
log1p_house_price_to_income_lag2q,0.0,0.0,0.0,house price / housing,float32_numeric,0.0
log1p_cpi_00_all_items_lag8q,0.0,0.0,0.0,CPI total,float32_numeric,0.0
log1p_cpi_00_all_items_lag2q,0.0,0.0,0.0,CPI total,float32_numeric,0.0
ftse_100_yoy_pct_lag4q,0.0,0.0,0.0,market / FX,float32_numeric,0.0
log1p_cpi_00_all_items_lag1q,0.0,0.0,0.0,CPI total,float32_numeric,0.0
log1p_brent_oil_price_lag8q,0.0,0.0,0.0,oil / energy proxy,float32_numeric,0.0
log1p_brent_oil_price_lag4q,0.0,0.0,0.0,oil / energy proxy,float32_numeric,0.0
log1p_income_lag8q,0.0,0.0,0.0,income / affordability,float32_numeric,0.0
log1p_income_lag2q,0.0,0.0,0.0,income / affordability,float32_numeric,0.0
log1p_income_lag1q,0.0,0.0,0.0,income / affordability,float32_numeric,0.0
uk_bank_rate_qoq_pct_lag4q,0.0,0.0,0.0,interest rate,float32_numeric,0.0
log1p_average_house_price_lag2q,0.0,0.0,0.0,house price / housing,float32_numeric,0.0
log1p_average_house_price_lag1q,0.0,0.0,0.0,house price / housing,float32_numeric,0.0
unemployment_per_1000_lag8q,0.0,0.0,0.0,unemployment,float32_numeric,0.0
cpi_00_all_items_yoy_pct_lag1q,0.0,0.0,0.0,CPI total,float32_numeric,0.0
cost_of_living_shock_2022plus,0.0,0.0,0.0,time / policy,int8_binary,0.0
lad_E06000001,0.0,0.0,0.0,LAD fixed effect,int8_dummy,0.0
lad_E06000006,0.0,0.0,0.0,LAD fixed effect,int8_dummy,0.0
lad_E06000008,0.0,0.0,0.0,LAD fixed effect,int8_dummy,0.0
lad_E06000013,0.0,0.0,0.0,LAD fixed effect,int8_dummy,0.0
lad_E06000014,0.0,0.0,0.0,LAD fixed effect,int8_dummy,0.0
lad_E06000019,0.0,0.0,0.0,LAD fixed effect,int8_dummy,0.0
lad_E06000020,0.0,0.0,0.0,LAD fixed effect,int8_dummy,0.0
lad_E06000022,0.0,0.0,0.0,LAD fixed effect,int8_dummy,0.0
lad_E06000024,0.0,0.0,0.0,LAD fixed effect,int8_dummy,0.0
lad_E06000025,0.0,0.0,0.0,LAD fixed effect,int8_dummy,0.0
lad_E06000027,0.0,0.0,0.0,LAD fixed effect,int8_dummy,0.0
lad_E06000030,0.0,0.0,0.0,LAD fixed effect,int8_dummy,0.0
lad_E06000031,0.0,0.0,0.0,LAD fixed effect,int8_dummy,0.0
lad_E06000033,0.0,0.0,0.0,LAD fixed effect,int8_dummy,0.0
lad_E06000034,0.0,0.0,0.0,LAD fixed effect,int8_dummy,0.0
lad_E06000035,0.0,0.0,0.0,LAD fixed effect,int8_dummy,0.0
lad_E06000036,0.0,0.0,0.0,LAD fixed effect,int8_dummy,0.0
lad_E06000039,0.0,0.0,0.0,LAD fixed effect,int8_dummy,0.0
lad_E06000041,0.0,0.0,0.0,LAD fixed effect,int8_dummy,0.0
lad_E06000043,0.0,0.0,0.0,LAD fixed effect,int8_dummy,0.0
post_covid_2020plus,0.0,0.0,0.0,time / policy,int8_binary,0.0
average_house_price_lag8q,0.0,0.0,0.0,house price / housing,float32_numeric,0.0
quarter_index,0.0,0.0,0.0,time / policy,int16_time,0.0
unemployment_per_1000_qoq_pct_lag1q,0.0,0.0,0.0,unemployment,float32_numeric,0.0
cpi_00_all_items_yoy_pct_lag2q,0.0,0.0,0.0,CPI total,float32_numeric,0.0
cpi_00_all_items_yoy_pct_lag8q,0.0,0.0,0.0,CPI total,float32_numeric,0.0
house_price_to_income_qoq_pct_lag2q,0.0,0.0,0.0,house price / housing,float32_numeric,0.0
unemployment_per_1000_lag2q,0.0,0.0,0.0,unemployment,float32_numeric,0.0
house_price_to_income_lag8q,0.0,0.0,0.0,house price / housing,float32_numeric,0.0
cpi_00_all_items_lag8q,0.0,0.0,0.0,CPI total,float32_numeric,0.0
cpi_00_all_items_lag4q,0.0,0.0,0.0,CPI total,float32_numeric,0.0
cpi_00_all_items_lag2q,0.0,0.0,0.0,CPI total,float32_numeric,0.0
cpi_00_all_items_lag1q,0.0,0.0,0.0,CPI total,float32_numeric,0.0
brent_oil_price_lag8q,0.0,0.0,0.0,oil / energy proxy,float32_numeric,0.0
year,0.0,0.0,0.0,time / policy,int16_time,0.0
uk_bank_rate_lag8q,0.0,0.0,0.0,interest rate,float32_numeric,0.0
uk_bank_rate_lag2q,0.0,0.0,0.0,interest rate,float32_numeric,0.0
log1p_homelessness_total_assessments_lag2q,0.0,0.0,0.0,target history,float32_numeric,0.0
uk_bank_rate_lag1q,0.0,0.0,0.0,interest rate,float32_numeric,0.0
ftse_100_lag4q,0.0,0.0,0.0,market / FX,float32_numeric,0.0
log1p_homelessness_total_assessments_lag4q,0.0,0.0,0.0,target history,float32_numeric,0.0
log1p_computed_homelessness_rate_per_1000_lag4q,0.0,0.0,0.0,target history,float32_numeric,0.0
house_sales_volume_qoq_pct_lag2q,0.0,0.0,0.0,house price / housing,float32_numeric,0.0
unemployment_count_lag1q,0.0,0.0,0.0,unemployment,float32_numeric,0.0
lad_E09000033,0.0,0.0,0.0,LAD fixed effect,int8_dummy,0.0
